"","SIDateTime","ElectricActivity","NLS","ltgAll","VASR_AB","OverallABmedInfra","OverallABmedSeis","maxseisDur","maxinfraDur","CRF_yn","CRF_yn2","start_ElectricActivity","Factor_ltgAll"
"4","28-May-2015 18:17:35",44.310954,4028,29,58.9331699346424,1643731537.04252,27891449.5667795,99.86,90.58,"y","y",44.31097825,"1"
"5","28-May-2015 20:07:17",27.320221,2269,13,21.4984698444369,791946988.340486,38387727.4827875,99.45,90.17,"y","y",27.32024525,"1"
"6","28-May-2015 21:20:52",16.943468,1724,3,17.6727447629901,681077516.830669,42284222.011084,99.52,90.22,"y","y",16.94349225,"1"
"7","28-May-2015 22:20:15",201.6351,9932,49,10.4950074386167,245803309.796371,23420975.2812495,99.57,90.21,"y","y",201.63512425,"1"
"14","29-May-2015 01:26:59",162.97927,714,29,0.779537221062348,200033.3834155,359754.8419015,60.49,50.84,"y","y",162.97929425,"1"
"28","29-May-2015 05:27:46",83.865779,2908,15,14.0326318925544,41585392.4026875,3436010.6994105,98.99,90.14,"y","y",83.86580325,"1"
"31","29-May-2015 07:03:22",181.29527,3060,38,8.60941646977993,4779989.933938,588057.669031,96.53,90.33,"y","y",181.29529425,"1"
"36","29-May-2015 07:43:42",66.963462,99,10,0.112670640205149,7222.303083,73665.976458,22.08,6.76,"y","y",66.96348625,"1"
"39","29-May-2015 08:12:16",107.20479,6248,100,2.35558797605582,18409117.6542405,7815083.8947075,103.58,90.12,"y","y",107.20481425,"1"
"203","30-May-2015 11:28:10",1.7686227,76,2,6.65742312527327,122760488.048463,25108749.8970405,32.38,24.54,"y","y",1.76864695,"1"
"211","30-May-2015 13:13:32",11.005331,8878,10,45.5501999581526,987810668.899541,23067849.578694,65,56.15,"y","y",11.00535525,"1"
"217","30-May-2015 14:56:03",7.8326405,41,2,22.9333569395867,231093591.39884,10439688.027902,45.47,36.74,"y","y",7.83266475,"1"
"226","30-May-2015 16:24:50",12.293357,353,6,14.1755161191783,204885605.930241,16549976.686176,50.61,41.82,"y","y",12.29338125,"1"
"268","31-May-2015 00:40:42",40.232773,440,11,1.71259051232087,38743.584694,175294.173007,27.37,16.55,"y","y",40.23279725,"1"
"274","31-May-2015 04:13:24",138.21351,58,1,5.01379058122382,387785.307994,701275.137241,44.62,32.06,"y","y",138.21353425,"1"
"275","31-May-2015 04:41:09",70.620809,134,11,6.86256217815411,1151509.912349,957878.614548,101.48,90.33,"y","y",70.62083325,"1"
"329","01-Jun-2015 07:27:43",71.497915,1648,31,3.6753069192202,2613693.174506,4813817.619433,73.06,66.64,"y","y",71.49793925,"1"
"359","01-Jun-2015 11:15:55",27.281846,434,10,5.77930605960989,1636976.271657,2151074.900837,79.86,70.66,"y","y",27.28187025,"1"
"368","01-Jun-2015 11:59:30",16.987299,31,3,2.51603250959905,432398.030296,1247041.418973,51.2,45.39,"y","y",16.98732325,"1"
"371","01-Jun-2015 12:04:36",11.19451,35,2,8.38742094387804,901073.521739,672653.619622,58.5,49.78,"y","y",11.19453425,"1"
"384","01-Jun-2015 12:45:45",12.537831,25,1,4.63935942360787,1092208.125445,1360439.64872,100.35,89.99,"y","y",12.53785525,"1"
"401","02-Jun-2015 03:30:06",13.90047,15,1,8.76806970002043,548223.405859,62524.982649,43.39,36.97,"y","y",13.90049425,"1"
"480","02-Jun-2015 13:29:20",15.743794,88,9,16.1222400877289,3668742.536283,287014.921073,98.3,92.14,"y","y",15.74381825,"1"
"486","02-Jun-2015 14:02:13",22.106588,402,15,6.74416715318933,1856390.430641,346253.471115,100.6,90.32,"y","y",22.10661225,"1"
"490","02-Jun-2015 14:29:04",15.787479,18,1,7.25696603207801,860840.92367,91508.653412,49.34,37.16,"y","y",15.78750325,"1"
"625","03-Jun-2015 08:23:13",107.34844,45,5,2.80799198393672,563348.138972,286269.819271,81.77,73.86,"y","y",107.34846425,"1"
"642","03-Jun-2015 11:30:30",7.0464404,85,3,24.9614875446597,42968263.7116545,1864997.4270255,56.13,47.97,"y","y",7.04646465,"1"
"664","04-Jun-2015 01:34:33",12.937395,173,10,70.5602047249825,444282790.464635,6296506.539292,56.3,47.62,"y","y",12.93741925,"1"
"666","04-Jun-2015 01:48:10",38.823898,802,22,8.50930811689112,149632411.404763,17584556.740605,60.68,52.86,"y","y",38.82392225,"1"
"667","04-Jun-2015 02:25:35",263.978,1837,36,62.0656716276213,640213903.602263,10315104.740079,98.3,91.5,"y","y",263.97802425,"1"
"679","04-Jun-2015 05:19:29",16.434178,1979,16,6.1744009072726,115039640.889095,18631708.9895465,55.45,37.48,"y","y",16.43420225,"1"
"680","04-Jun-2015 05:22:31",153.26163,914,34,4.48061328714042,46427822.907301,11072787.979948,58.86,49.42,"y","y",153.26165425,"1"
"685","04-Jun-2015 06:22:17",21.501908,33,1,2.12513396186659,1559680.4112195,1033162.103031,101.99,90.14,"y","y",21.50193225,"1"
"692","04-Jun-2015 07:16:55",147.5528,115,14,2.36112141636216,1107475.1973025,641477.8918145,68.51,54.72,"y","y",147.55282425,"1"
"693","04-Jun-2015 07:48:09",34.436427,80,6,1.41464505734498,859063.312947,790699.678779,97.18,90.19,"y","y",34.43645125,"1"
"700","04-Jun-2015 10:34:27",26.688787,1828,28,7.54761396327083,134109288.321682,17768435.0278515,99.83,92.21,"y","y",26.68881125,"1"
"701","04-Jun-2015 10:35:19",121.2225,1563,31,7.91132075696925,10035710.544807,1268525.3010335,19.88,10.72,"y","y",121.22252425,"1"
"714","04-Jun-2015 13:10:34",49.418697,718,18,1.44130939125883,864671.745924,674182.726966,93.99,87.57,"y","y",49.41872125,"1"
"727","04-Jun-2015 14:55:31",13.111316,75,2,1.08341058528358,328541.108653,369532.77846,68.76,53.32,"y","y",13.11134025,"1"
"729","04-Jun-2015 15:01:32",85.827529,64,5,1.38415222550257,546934.8976545,485402.558629,105.78,90.57,"y","y",85.82755325,"1"
"734","04-Jun-2015 15:34:14",28.482207,64,4,1.24910791913108,771769.538387,720364.2548555,99.41,90.42,"y","y",28.48223125,"1"
"735","04-Jun-2015 15:40:35",57.341571,119,7,3.70169258621994,2425671.8237205,766234.763299,98.24,91.75,"y","y",57.34159525,"1"
"754","04-Jun-2015 18:19:37",20.582462,393,8,4.47537728465677,4127728.146178,989996.957417,28.21,21.45,"y","y",20.58248625,"1"
"766","04-Jun-2015 19:51:40",168.24802,108,13,0.879629350176827,604632.6171255,753801.7798255,105.25,90.21,"y","y",168.24804425,"1"
"796","04-Jun-2015 22:25:01",20.019902,41,3,0.226827002212174,531384.503154,2389144.318376,103.39,90.27,"y","y",20.01992625,"1"
"810","04-Jun-2015 23:57:37",33.111963,251,10,4.73889795756777,1088141.286932,291698.108854,43.25,31.35,"y","y",33.11198725,"1"
"813","05-Jun-2015 00:21:33",40.253971,79,6,2.49935722381372,1759107.9757415,1050987.21124,66.17,54.55,"y","y",40.25399525,"1"
"837","05-Jun-2015 01:59:38",20.013918,126,7,7.52568128292549,1486198.867006,237128.772388,63.01,51.71,"y","y",20.01394225,"1"
"885","05-Jun-2015 06:15:50",91.107301,225,9,3.47657849260177,284181.630798,81741.755983,53.09,30.18,"y","y",91.10732525,"1"
"900","05-Jun-2015 08:11:47",18.82944,51,3,0.458336456661388,1019890.536534,2234418.799751,98.18,90.26,"y","y",18.82946425,"1"
"924","05-Jun-2015 10:27:31",5.8040398,31,2,4.15881543541965,1775161.656118,460311.9990295,103.22,87.19,"y","y",5.80406405,"1"
"1233","06-Jun-2015 09:17:12",29.763948,96,5,3.98202866257805,960633.285977,241242.1826605,59.43,44.34,"y","y",29.76397225,"1"
"1298","06-Jun-2015 15:11:15",12.756367,22,1,2.39256167075302,1196701.331868,506993.5165055,48.23,41.66,"y","y",12.75639125,"1"
"1300","06-Jun-2015 15:22:35",16.319305,52,4,4.28933414215401,259721.381063,74278.806489,70.93,59.74,"y","y",16.31932925,"1"
"1305","06-Jun-2015 15:45:55",16.868843,45,1,1.48073999835893,392596.262565,304686.8111175,50.91,41.32,"y","y",16.86886725,"1"
"1312","06-Jun-2015 16:19:02",10.78812,17,2,2.91539287328226,412876.55942,182805.721444,50.33,43.38,"y","y",10.78814425,"1"
"1314","06-Jun-2015 16:23:12",5.9816847,27,2,2.13017949975379,191831.077657,108187.1054425,40.81,36.21,"y","y",5.98170895,"1"
"1315","06-Jun-2015 16:26:19",15.977078,29,3,1.75027537959248,628775.5760615,454149.2377075,51.41,42.83,"y","y",15.97710225,"1"
"1396","06-Jun-2015 23:38:16",19.128995,497,28,89.4525863305474,510164886.837939,5743597.389507,99.35,90.23,"y","y",19.12901925,"1"
"1402","07-Jun-2015 00:12:14",20.988497,53,4,5.1636768315691,1456281.9663305,327327.2240385,72.9,66.39,"y","y",20.98852125,"1"
"1458","07-Jun-2015 07:59:00",45.090871,2458,22,96.3825351161561,2419413923.47305,25102202.598814,99.07,90.15,"y","y",45.09089525,"1"
"1466","07-Jun-2015 09:36:21",59.515631,9394,38,86.8582936504928,792298618.147161,9121738.234178,83.41,75.08,"y","y",59.51565525,"1"
"1470","07-Jun-2015 10:05:28",13.509228,37,3,3.42392396708598,691195.985688,204014.0722465,58.42,47.67,"y","y",13.50925225,"1"
"1472","07-Jun-2015 10:23:23",11.369116,27,2,3.78034577014743,2137578.9736345,572636.781129,88.28,67.8,"y","y",11.36914025,"1"
"1474","07-Jun-2015 11:30:57",21.294069,110,7,5.56104448082386,1325575.478327,214401.477239,46.44,27.51,"y","y",21.29409325,"1"
"1480","07-Jun-2015 12:22:24",29.032672,243,6,6.01723993719393,3900227.468037,691726.189556,62.75,49.67,"y","y",29.03269625,"1"
"1492","07-Jun-2015 13:45:30",20.898959,82,7,2.41844584789035,302266.732079,97151.962131,30.51,23.55,"y","y",20.89898325,"1"
"1503","07-Jun-2015 14:47:10",27.042962,90,1,3.4142167179168,297103.646777,103637.131701,27.73,19.95,"y","y",27.04298625,"1"
"1510","07-Jun-2015 16:12:24",28.646828,37,3,1.3023933589095,660551.020488,616445.615263,85.39,77.75,"y","y",28.64685225,"1"
"1521","07-Jun-2015 17:32:04",155.58926,502,17,1.48698981018155,133464.734621,160261.026009,44.07,30.96,"y","y",155.58928425,"1"
"1522","07-Jun-2015 18:21:20",266.56769,7349,61,32.9735029495223,175615377.314948,4090115.313698,36.11,27.84,"y","y",266.56771425,"1"
"1523","07-Jun-2015 18:39:20",31.944461,1265,16,60.1241580372559,16808793.359128,426487.473007,59.97,52.74,"y","y",31.94448525,"1"
"1527","07-Jun-2015 19:06:03",28.235625,21,2,8.87258710145339,1820079.789609,205135.184225,38.43,30.11,"y","y",28.23564925,"1"
"1529","07-Jun-2015 19:57:23",36.282773,1894,24,40.360944776076,244826903.597716,6273651.038041,98.74,90.02,"y","y",36.28279725,"1"
"1533","07-Jun-2015 20:36:26",63.672623,208,15,1.39720282515611,1387650.402847,931052.690371,87.29,81.3,"y","y",63.67264725,"1"
"1541","07-Jun-2015 22:08:55",59.75433,1080,34,8.54983666038967,20324224.37652,2220286.270818,79.33,69.58,"y","y",59.75435425,"1"
"1542","07-Jun-2015 22:13:06",44.699912,198,13,5.16673801499137,2003276.379272,492268.548141,60.05,42.88,"y","y",44.69993625,"1"
"1553","07-Jun-2015 22:58:35",52.140641,162,6,1.31124484508249,74083.831589,56498.854403,10.66,4.64,"y","y",52.14066525,"1"
"1","28-May-2015 00:16:35",0.67397141,24,0,0.0679113380131999,4941.2165625,265476.4565805,28.6,21.68,"n","n",0.67399566,"0"
"2","28-May-2015 01:49:21",1.4011205,6,0,55.4698398315968,520964235.566915,9391846.7612045,77.32,68.38,"n","n",1.40114475,"0"
"3","28-May-2015 02:18:50",5.2223779,4,0,0.194148649841215,6480.3791695,57837.011551,30.32,19.37,"n","n",5.22240215,"0"
"8","28-May-2015 22:28:08",4.6687983,6,1,1.50849855636624,212776.830394,157049.7387455,34.21,17.12,"n","n",4.66882255,"1"
"9","28-May-2015 23:02:30",45.106441,1491,33,3.36796819393046,1241606.1136325,393436.566724,97.98,92.54,"n","n",45.10646525,"1"
"10","28-May-2015 23:05:12",0.002719515,10,1,0.913896278500842,126803.62651,202380.806188,54.16,52.19,"n","n",0.002743765,"1"
"12","28-May-2015 23:10:13",151.17794,3,0,1.23161900206904,69329.371272,85390.6176945,52.7,46.45,"n","n",151.17796425,"0"
"13","29-May-2015 00:05:22",209.99883,735,24,5.7348329682285,75054566.5579005,13087489.552653,99.12,90.29,"n","n",209.99885425,"1"
"15","29-May-2015 02:15:07",289.59485,593,16,6.31006114759878,575234.6454055,126023.73884,46.24,39.75,"n","n",289.59487425,"1"
"16","29-May-2015 02:29:34",18.292227,96,4,3.24789570231544,965334.811915,360514.840722,35.33,30.35,"n","n",18.29225125,"1"
"17","29-May-2015 02:31:44",7.2040957,12,1,4.76702207051465,1596744.664143,334956.423638,29.87,25.99,"n","n",7.20411995,"1"
"18","29-May-2015 03:46:40",16.137892,8,1,4.06647649047537,258355.6876115,64004.107463,35.73,30.1,"n","n",16.13791625,"1"
"21","29-May-2015 04:20:21",183.53532,119,0,1.62776412133357,15619.548756,11523.8926625,14.92,6.56,"n","n",183.53534425,"0"
"25","29-May-2015 04:52:56",17.749474,24,0,4.13250140581691,371022.550588,130934.4947565,41,28.11,"n","n",17.74949825,"0"
"32","29-May-2015 07:24:13",41.71846,133,8,7.62297368310433,303164.5559305,50553.524323,49.79,43.43,"n","n",41.71848425,"1"
"34","29-May-2015 07:28:09",0.002670606,3,0,2.44455568882359,20558.3091125,16312.855941,9.82,4.5,"n","n",0.002694856,"0"
"35","29-May-2015 07:29:39",2.5780031,7,1,3.82763805659716,409389.288005,129680.5143375,82.75,71.98,"n","n",2.57802735,"1"
"40","29-May-2015 08:16:11",132.46442,469,15,2.19832891123034,145168.931657,86099.921328,28.93,11.74,"n","n",132.46444425,"1"
"41","29-May-2015 08:19:18",42.857707,434,14,0.539877971517808,238153.4391685,495515.4437505,21.72,14.78,"n","n",42.85773125,"1"
"46","29-May-2015 08:45:54",11.753437,18,2,1.48440879273874,197313.768656,257282.11151,95.82,90.1,"n","n",11.75346125,"1"
"48","29-May-2015 08:49:57",40.345074,106,8,9.08282034105359,1193070.124313,186378.552118,37.63,30.28,"n","n",40.34509825,"1"
"49","29-May-2015 08:52:04",16.425338,5,0,1.45896273478205,195902.437596,259267.6590055,55.16,49.66,"n","n",16.42536225,"0"
"50","29-May-2015 08:55:11",15.375023,55,4,2.37661477912266,311015.6994,193770.8540025,19.87,13.74,"n","n",15.37504725,"1"
"51","29-May-2015 08:56:17",160.53716,134,5,1.42861026374358,262525.092091,251785.685992,19.25,13.62,"n","n",160.53718425,"1"
"52","29-May-2015 09:01:06",0.004951019,22,1,2.46409302556736,274940.2717755,170092.8972895,32.78,25.88,"n","n",0.004975269,"1"
"53","29-May-2015 09:01:51",0,1,0,1.2980160011502,139522.2293735,174228.7272275,21.26,15.76,"n","n",2.425e-05,"0"
"54","29-May-2015 09:08:27",0,1,0,2.64203192210152,1030497.719758,607430.605273,37.66,32.25,"n","n",2.425e-05,"0"
"55","29-May-2015 09:14:16",0,1,0,1.29127962718962,172285.123967,166378.948087,38.78,32.9,"n","n",2.425e-05,"0"
"56","29-May-2015 09:16:27",0.001745308,18,1,1.66500881250311,125949.396079,105996.144062,22.4,16.09,"n","n",0.001769558,"1"
"57","29-May-2015 09:33:05",55.838316,45,3,4.01417381054803,2553403.8442605,694155.0575215,105.62,99.94,"n","n",55.83834025,"1"
"60","29-May-2015 09:52:39",0.002287287,10,1,1.60780049870606,230189.2621385,229912.984793,38.52,34.06,"n","n",0.002311537,"1"
"61","29-May-2015 09:54:01",90.263119,145,8,1.93903987960395,709526.8531815,451038.781281,15.65,10.83,"n","n",90.26314325,"1"
"62","29-May-2015 09:55:49",74.72868,23,2,1.67102520052884,1339382.32111,1441491.3593615,32.55,27.69,"n","n",74.72870425,"1"
"64","29-May-2015 10:00:11",58.941275,120,4,1.50755110359866,885302.751973,774408.525773,82.31,76,"n","n",58.94129925,"1"
"67","29-May-2015 10:04:08",0,1,0,1.0280765231538,354992.720497,505866.953693,57.54,52.19,"n","n",2.425e-05,"0"
"70","29-May-2015 10:10:13",0,1,0,2.27371680382683,734110.8854885,489523.383247,100.03,90.74,"n","n",2.425e-05,"0"
"71","29-May-2015 10:11:46",0,1,0,3.82563953790495,459449.049742,193272.689057,46.27,40.64,"n","n",2.425e-05,"0"
"79","29-May-2015 11:51:35",16.701057,59,5,24.3169567820148,1442820.6945595,59333.933415,8.04,7.72,"n","n",16.70108125,"1"
"174","30-May-2015 05:39:36",23.41214,194,4,3.51592011019999,417897.8564825,166334.898606,98.17,83.07,"n","n",23.41216425,"1"
"180","30-May-2015 06:14:20",8.6610046,111,3,0.254250063756616,26868.0512775,135741.242292,26.91,21.12,"n","n",8.66102885,"1"
"183","30-May-2015 06:43:42",0.000594977,2,0,2.75341227285468,53450.9470525,19619.2594375,28.37,17.91,"n","n",0.000619227,"0"
"187","30-May-2015 08:26:34",7.1996228,2,0,1.05614741986431,135047.4722835,152080.447666,43.5,34.79,"n","n",7.19964705,"0"
"188","30-May-2015 09:16:06",24.673267,192,11,54.471225923323,3395557873.87019,62336725.790787,75.44,66.47,"n","n",24.67329125,"1"
"189","30-May-2015 09:31:25",1.6712807,7,0,1.51333940359125,59578872.7032685,39369141.2262735,100.24,90.34,"n","n",1.67130495,"0"
"195","30-May-2015 09:51:41",81.012578,9,1,5.25967599504632,106262.380377,23185.570612,71.38,51.8,"n","n",81.01260225,"1"
"197","30-May-2015 10:02:43",16.302435,49,3,0.524354733198891,285328.11553,561678.8878035,114.07,106.04,"n","n",16.30245925,"1"
"214","30-May-2015 14:22:23",37.590787,342,12,0.450370391741709,66768.2018015,175036.426079,97.3,94.87,"n","n",37.59081125,"1"
"215","30-May-2015 14:28:05",0.5096165,8,0,5.67129378713158,30369442.661814,5670654.6919115,66.15,57.31,"n","n",0.50964075,"0"
"216","30-May-2015 14:32:53",0.000195616,3,1,0.731814696785403,59389.022208,108662.6055795,100.9,90.62,"n","n",0.000219866,"1"
"218","30-May-2015 15:05:53",0,1,0,7.35565501006773,228871.493123,39345.2291515,65.49,51.51,"n","n",2.425e-05,"0"
"221","30-May-2015 15:38:09",12.628945,16,2,4.90079519674491,169700.402976,47193.165362,76.93,70.5,"n","n",12.62896925,"1"
"225","30-May-2015 16:09:03",4.0255731,11,1,1.2316216369755,122338.724269,139665.0256335,77.04,65.95,"n","n",4.02559735,"1"
"227","30-May-2015 16:33:15",48.127613,5,0,1.1705105836394,357764.703785,404117.168603,97.02,90.22,"n","n",48.12763725,"0"
"228","30-May-2015 16:41:16",0,1,0,0.651754362267245,89880.4128885,193438.747428,114.2,90.27,"n","n",2.425e-05,"0"
"230","30-May-2015 16:56:40",14.398957,6,1,0.352468255010456,37192.2165715,140812.059841,68.17,60.33,"n","n",14.39898125,"1"
"232","30-May-2015 17:36:28",0.001358864,7,1,10.1634157133341,6803000.117797,729603.1692985,20.38,9.23,"n","n",0.001383114,"1"
"233","30-May-2015 17:44:19",4.5641162,15,2,2.28345099354447,158482.1951525,72823.257412,42.23,33.16,"n","n",4.56414045,"1"
"241","30-May-2015 18:27:01",4.1733557,2,0,4.11096566589809,49086.0069635,14497.2079585,28.72,20.54,"n","n",4.17337995,"0"
"246","30-May-2015 19:50:14",0.000931673,5,1,8.40367529702015,100695.7484,76460.920684,44.97,20.77,"n","n",0.000955923,"1"
"248","30-May-2015 19:56:44",0.00313135,5,1,5.32481172848228,104761.265424,123682.371197,29.03,21.39,"n","n",0.0031556,"1"
"249","30-May-2015 20:00:52",0.000631849,3,1,5.15732915838722,316300.190334,403417.084412,84.6,61.28,"n","n",0.000656099,"1"
"251","30-May-2015 21:32:44",16.428302,19,3,0.97553112188779,452057.856666,2833522.675404,62.85,57.78,"n","n",16.42832625,"1"
"252","30-May-2015 21:43:08",305.41802,191,16,1.43394052796517,173305.904286,1292964.363609,97.02,89.84,"n","n",305.41804425,"1"
"256","30-May-2015 22:20:07",150.20871,82,5,2.48291007363583,13457.95143,35749.193326,25.34,19.66,"n","n",150.20873425,"1"
"257","30-May-2015 22:30:07",40.211553,54,4,0.918655017956801,173736.975437,1444128.875303,111.89,90.26,"n","n",40.21157725,"1"
"258","30-May-2015 22:39:16",0,1,0,2.47604729910928,279481.983659,749256.756056,83.87,67.85,"n","n",2.425e-05,"0"
"260","30-May-2015 22:53:39",48.389101,105,5,1.59488787061175,151496.420186,614991.790188,34.13,19.91,"n","n",48.38912525,"1"
"263","30-May-2015 23:58:18",71.654138,92,9,1.60173860898538,505791.744559,1835048.037767,106.68,90.17,"n","n",71.65416225,"1"
"267","31-May-2015 00:37:30",11.273278,96,4,0.828618231513908,303562.053702,1872588.121494,95.72,71.4,"n","n",11.27330225,"1"
"269","31-May-2015 00:43:29",4.7027953,2,0,0.539468468045966,57932.689601,781393.810357,63.1,52.62,"n","n",4.70281955,"0"
"273","31-May-2015 04:00:57",1.8743659,10,1,1.02935033210611,7594006.25892,29530963.892512,38.17,29.32,"n","n",1.87439015,"1"
"276","31-May-2015 04:48:25",0.000977223,6,1,14.0605903911212,16968995.422096,6220652.546807,75.65,66.86,"n","n",0.001001473,"1"
"279","31-May-2015 05:13:10",30.674638,59,2,3.87045985107458,313380.556376,383630.122762,37.35,27.14,"n","n",30.67466225,"1"
"288","31-May-2015 08:13:31",61.352048,234,14,2.68262118771785,13091144.326274,11499454.544531,100.71,90.92,"n","n",61.35207225,"1"
"297","31-May-2015 11:09:10",5.3050923,21,2,4.10222857805765,507182701.42505,489163861.866057,53.21,44.5,"n","n",5.30511655,"1"
"300","31-May-2015 11:27:00",0,1,0,6.47749141205942,12243.820046,11829.183757,18.51,10.67,"n","n",2.425e-05,"0"
"302","31-May-2015 11:34:20",4.8369665,3,0,5.7143754834875,1862559.764657,836144.076321,55.46,44.78,"n","n",4.83699075,"0"
"303","31-May-2015 11:42:10",24.268152,20,2,8.53458425819884,550832.973166,398415.254051,102.83,90.07,"n","n",24.26817625,"1"
"323","01-Jun-2015 04:26:03",0,1,0,4.02894665931158,167443.454915,381021.419867,20.17,13.07,"n","n",2.425e-05,"0"
"328","01-Jun-2015 07:03:17",0,1,0,4.44543612491156,105618.138678,179347.36328,23.72,15.73,"n","n",2.425e-05,"0"
"331","01-Jun-2015 07:34:05",133.37644,422,18,1.49225107754388,10382.275539,51258.527964,17.11,6.56,"n","n",133.37646425,"1"
"332","01-Jun-2015 08:02:00",0,1,0,0.590610243069369,21584.163438,220779.148705,20.59,6.53,"n","n",2.425e-05,"0"
"339","01-Jun-2015 09:12:15",0,1,0,4.22728319865162,133087.496865,426827.432546,49.38,43.77,"n","n",2.425e-05,"0"
"341","01-Jun-2015 09:34:48",0.001240368,2,0,3.8783059220224,205361.154532,527060.592183,46.72,41.38,"n","n",0.001264618,"0"
"351","01-Jun-2015 10:03:43",0,1,0,4.11541591233433,273594.464984,428614.323249,48.28,42.4,"n","n",2.425e-05,"0"
"353","01-Jun-2015 10:15:47",0.000943732,4,1,2.67992714771431,283286.131888,700927.865935,43.4,36.91,"n","n",0.000967982,"1"
"357","01-Jun-2015 10:54:32",0,1,0,3.2699110630042,97809.626097,164718.2244,23.53,12.44,"n","n",2.425e-05,"0"
"358","01-Jun-2015 11:02:20",0.000132464,3,1,3.05084842424817,116954.506806,199113.539877,28.73,21.83,"n","n",0.000156714,"1"
"364","01-Jun-2015 11:29:56",6.6868941,13,0,1.68231733265539,814918.447778,2914962.37168,45.07,38.31,"n","n",6.68691835,"0"
"374","01-Jun-2015 12:10:40",0.003493602,14,1,3.83521252696714,543005.407755,946737.069485,101.21,90.01,"n","n",0.003517852,"1"
"382","01-Jun-2015 12:39:45",4.8685898,11,2,5.16290607969849,749814.662504,1115131.161459,95.88,90.19,"n","n",4.86861405,"1"
"388","01-Jun-2015 13:12:39",9.2851439,20,1,9.65408434288399,441152.085506,422381.205855,56.88,46.51,"n","n",9.28516815,"1"
"390","01-Jun-2015 13:18:40",15.307843,33,2,4.29287332518422,1050379.558312,1744938.493622,101.2,90.07,"n","n",15.30786725,"1"
"397","02-Jun-2015 03:12:39",75.925549,195,3,23.7631473175383,1855561.568915,104996.126776,55.5,46.51,"n","n",75.92557325,"1"
"398","02-Jun-2015 03:19:49",3.1086136,10,0,5.18767394783844,3422496.545385,699469.303914,98.43,90.17,"n","n",3.10863785,"0"
"402","02-Jun-2015 03:30:51",20.326736,31,1,6.32214607940374,1081028.070314,170990.682078,72.6,60.54,"n","n",20.32676025,"1"
"405","02-Jun-2015 03:51:23",66.492804,15,0,7.89187969104073,2181459.568373,247893.237959,42.18,32.42,"n","n",66.49282825,"0"
"406","02-Jun-2015 04:01:53",5.4987402,4,0,1.30143467426994,572017.776407,439528.61232,100.57,90.09,"n","n",5.49876445,"0"
"411","02-Jun-2015 04:20:55",3.6090091,4,0,3.49904841622925,101302.874741,38237.047509,45.44,37.69,"n","n",3.60903335,"0"
"413","02-Jun-2015 04:25:07",121.4605,20,0,2.68329517862898,180688.989695,56962.589261,45.03,33.28,"n","n",121.46052425,"0"
"421","02-Jun-2015 05:50:36",5.3241498,11,1,0.978347194533895,102998.240715,105277.800448,87.37,76.85,"n","n",5.32417405,"1"
"428","02-Jun-2015 08:05:26",37.220931,48,3,10.4059912693431,416503.19115,42721.392964,32.83,18.2,"n","n",37.22095525,"1"
"430","02-Jun-2015 08:17:17",37.502254,31,3,5.61554284854482,1010337.933468,179918.123807,104.03,90.07,"n","n",37.50227825,"1"
"432","02-Jun-2015 08:25:59",33.842586,26,4,1.50427984734634,167904.172485,101527.408851,101.41,86,"n","n",33.84261025,"1"
"434","02-Jun-2015 08:42:37",6.3395931,3,0,0.645195500562013,155998.176769,215899.755377,88.26,73.93,"n","n",6.33961735,"0"
"436","02-Jun-2015 08:54:28",8.4745919,43,4,0.575618049002961,299546.655801,520391.353815,109.77,90.06,"n","n",8.47461615,"1"
"438","02-Jun-2015 09:20:29",6.3240713,7,1,0.498405838997649,94301.522707,189206.296011,70.44,55.57,"n","n",6.32409555,"1"
"440","02-Jun-2015 09:36:15",5.3780552,3,0,0.62118465895954,87017.321792,170953.520092,83.65,69.32,"n","n",5.37807945,"0"
"443","02-Jun-2015 09:53:20",17.156884,44,5,0.589435047314463,235047.628736,398767.650154,86.79,66.04,"n","n",17.15690825,"1"
"446","02-Jun-2015 10:36:22",198.31551,638,11,1.66937085892457,63322.789596,49047.160439,24.11,20.39,"n","n",198.31553425,"1"
"447","02-Jun-2015 10:50:10",404.84414,548,37,3.89705243919361,390979.781794,151672.060231,98.43,90.17,"n","n",404.84416425,"1"
"448","02-Jun-2015 10:58:37",11.454839,20,1,3.1611325511896,526937.031148,222319.951492,94.49,84.08,"n","n",11.45486325,"1"
"450","02-Jun-2015 11:06:08",63.004306,70,5,3.84029400903694,552994.621421,209357.794629,70.54,58.57,"n","n",63.00433025,"1"
"451","02-Jun-2015 11:11:57",3.596117,5,0,6.51228535001356,1184278.772726,269437.643751,94.46,90.21,"n","n",3.59614125,"0"
"455","02-Jun-2015 11:21:05",14.914035,4,0,8.22914042984456,886577.157719,149994.879824,80.51,68.39,"n","n",14.91405925,"0"
"458","02-Jun-2015 11:35:52",27.110677,42,4,3.72556035977785,941059.591769,360426.4529,100.8,90.19,"n","n",27.11070125,"1"
"461","02-Jun-2015 11:48:14",7.4062023,2,0,2.24624654968408,207177.10305,134674.965435,67.49,62.22,"n","n",7.40622655,"0"
"462","02-Jun-2015 12:03:25",3.2442392,2,0,8.50807721124338,2002423.538939,248220.562887,87.78,72.64,"n","n",3.24426345,"0"
"463","02-Jun-2015 12:07:54",6.7806734,59,3,2.75212572177665,1087049.177747,394985.290514,80.48,63.52,"n","n",6.78069765,"1"
"465","02-Jun-2015 12:25:52",26.882611,90,7,9.98544026483779,3310546.641022,331537.373738,103.53,90.08,"n","n",26.88263525,"1"
"467","02-Jun-2015 12:40:10",43.891676,90,6,8.70976744509735,2407478.67844,311202.791886,99.09,90.21,"n","n",43.89170025,"1"
"468","02-Jun-2015 12:50:24",1.934486,2,0,18.0648416207873,3638200.277106,210350.080984,64.88,52.75,"n","n",1.93451025,"0"
"469","02-Jun-2015 12:53:44",39.03874,62,6,13.3292279464228,964676.554395,81838.827579,24.29,14.49,"n","n",39.03876425,"1"
"470","02-Jun-2015 12:55:25",3.8063314,12,1,14.294897339609,1358277.808075,105995.279581,30.47,21.21,"n","n",3.80635565,"1"
"472","02-Jun-2015 13:03:22",0.62348304,2,0,11.1993850186303,1037827.53249,133474.916589,64.54,55.81,"n","n",0.62350729,"0"
"473","02-Jun-2015 13:05:20",0.001990463,19,1,5.59301103267143,413415.998828,88777.444215,48.11,39.66,"n","n",0.002014713,"1"
"474","02-Jun-2015 13:06:14",42.631306,5,0,6.31809841802363,908295.712399,179709.533357,40.35,34.87,"n","n",42.63133025,"0"
"475","02-Jun-2015 13:10:51",0.52453301,24,1,5.27350468435834,353266.008379,80007.221831,37.95,29.86,"n","n",0.52455726,"1"
"476","02-Jun-2015 13:12:29",0.003717887,29,1,6.76240003382453,601792.434742,125119.634535,69.56,61.28,"n","n",0.003742137,"1"
"477","02-Jun-2015 13:16:13",27.520365,74,5,7.52963782775084,1515523.852275,247338.282331,99.83,90.07,"n","n",27.52038925,"1"
"478","02-Jun-2015 13:18:22",0,1,0,5.91483870831656,250341.671342,67353.806094,31.62,25.81,"n","n",2.425e-05,"0"
"479","02-Jun-2015 13:27:40",17.282902,141,6,5.06804259615048,1170090.589557,287352.951065,43.8,34.97,"n","n",17.28292625,"1"
"481","02-Jun-2015 13:36:31",10.332817,159,9,7.13484499347125,1321642.231783,245291.150448,45.54,36.48,"n","n",10.33284125,"1"
"482","02-Jun-2015 13:43:50",20.683564,16,1,16.3463888710334,2707876.437935,165655.941462,61.2,51.09,"n","n",20.68358825,"1"
"483","02-Jun-2015 13:46:32",6.1321146,39,4,10.1566604961887,1003554.589776,121561.791471,48.73,39.94,"n","n",6.13213885,"1"
"484","02-Jun-2015 13:48:39",6.9822044,5,0,11.5892817459638,1004735.37853,111792.326149,52.85,43.04,"n","n",6.98222865,"0"
"485","02-Jun-2015 13:55:30",7.3013895,49,4,20.6316508449441,3166067.66049,191296.182006,78.77,68.47,"n","n",7.30141375,"1"
"488","02-Jun-2015 14:11:24",32.298379,121,6,49.0556467233292,11923733.577512,328609.464433,94.44,84.39,"n","n",32.29840325,"1"
"489","02-Jun-2015 14:20:27",10.498986,28,3,68.1926653947266,10717513.048206,166613.054798,38.45,26.35,"n","n",10.49901025,"1"
"493","02-Jun-2015 14:43:26",15.621883,34,1,25.7877590374844,2029418.65974,113928.417777,26.91,22.82,"n","n",15.62190725,"1"
"494","02-Jun-2015 14:48:27",8.2571475,4,0,27.9934671517079,6827009.084349,317178.367808,98.76,90.21,"n","n",8.25717175,"0"
"495","02-Jun-2015 15:01:34",7.7573749,22,3,26.8418811683581,5564013.364556,203105.421868,29.68,44.09,"n","n",7.75739915,"1"
"496","02-Jun-2015 15:04:41",9.8662511,77,5,12.1110487471075,2415346.149861,207886.203704,65.2,56.38,"n","n",9.86627535,"1"
"497","02-Jun-2015 15:09:54",0.001533347,7,1,14.7429700766161,1904389.247071,120981.607517,43.91,35.97,"n","n",0.001557597,"1"
"499","02-Jun-2015 15:27:28",14.435147,72,4,8.8795118068207,1923777.692987,216653.542992,46.65,37.54,"n","n",14.43517125,"1"
"500","02-Jun-2015 15:37:05",32.924673,86,10,5.25767290469025,1187630.198368,225885.143465,58.08,50.47,"n","n",32.92469725,"1"
"501","02-Jun-2015 15:46:50",6.9763252,15,2,3.59312010276441,672291.377402,132659.368197,38.73,30.03,"n","n",6.97634945,"1"
"502","02-Jun-2015 16:08:29",19.816891,52,3,9.40091786705665,530260.311372,68578.631265,43.61,35.37,"n","n",19.81691525,"1"
"503","02-Jun-2015 16:12:00",30.448802,155,11,2.67169264782616,501528.466588,187719.37221,50.5,42.97,"n","n",30.44882625,"1"
"504","02-Jun-2015 16:14:28",7.9499919,2,0,6.7382332340831,555321.822346,102869.575862,60.55,51.78,"n","n",7.95001615,"0"
"505","02-Jun-2015 16:22:59",7.3318072,22,1,3.08838543058109,1309024.668003,357392.909282,56.23,45.52,"n","n",7.33183145,"1"
"507","02-Jun-2015 16:32:10",27.73854,28,1,1.86599454642019,364669.575044,208297.294815,85.35,73.75,"n","n",27.73856425,"1"
"508","02-Jun-2015 16:39:15",1.6389977,2,0,9.13787030031963,572144.131782,67432.514775,43.44,35.32,"n","n",1.63902195,"0"
"510","02-Jun-2015 16:48:42",10.98712,24,2,36.1345655513122,5324691.772659,145380.057221,44.87,36.65,"n","n",10.98714425,"1"
"511","02-Jun-2015 16:56:04",8.4497892,41,3,111.62454481215,18411347.048157,163034.481202,30.7,29.42,"n","n",8.44981345,"1"
"512","02-Jun-2015 17:02:40",9.6410211,33,1,6.37550896279627,1712502.780731,239750.663293,43.07,34.51,"n","n",9.64104535,"1"
"513","02-Jun-2015 17:16:41",0.000147992,3,1,2.69309498862996,408478.940461,151676.395443,31.76,22.73,"n","n",0.000172242,"1"
"516","02-Jun-2015 17:55:52",13.042893,40,3,1.27321757046522,389185.64114,348826.471887,40.27,33.87,"n","n",13.04291725,"1"
"518","02-Jun-2015 18:21:27",7.3618746,6,0,6.77059738473504,1094847.448774,156588.13278,43.65,23.98,"n","n",7.36189885,"0"
"519","02-Jun-2015 18:50:03",1.6693935,6,1,1.83971368566909,613202.48156,308545.514651,29.05,21.22,"n","n",1.66941775,"1"
"525","02-Jun-2015 20:10:39",17.867014,31,2,2.56671803538636,197591.901614,62105.418628,21.35,12.46,"n","n",17.86703825,"1"
"526","02-Jun-2015 20:30:16",0,1,0,3.267778404918,262863.761022,86306.394338,16.74,5.65,"n","n",2.425e-05,"0"
"531","02-Jun-2015 21:07:16",0.001077603,3,0,3.43281283767786,392982.058412,84880.06658,44.97,33.21,"n","n",0.001101853,"0"
"533","02-Jun-2015 21:21:33",13.460473,9,1,5.36029003514825,398224.039334,74851.516746,33.99,26.29,"n","n",13.46049725,"1"
"534","02-Jun-2015 21:25:15",0,1,0,4.41976600155321,200544.813649,51651.264008,37.01,28.22,"n","n",2.425e-05,"0"
"535","02-Jun-2015 21:35:29",2.3525002,8,0,6.3381626609606,345961.555139,63090.958789,22.75,13.94,"n","n",2.35252445,"0"
"536","02-Jun-2015 21:43:08",7.0673826,34,4,3.32782383688646,139081.347087,43545.041436,20.9,13.53,"n","n",7.06740685,"1"
"538","02-Jun-2015 21:48:01",5.1370394,8,1,5.23076341926483,525207.589334,82917.346996,37.97,29.76,"n","n",5.13706365,"1"
"541","02-Jun-2015 22:05:04",5.8959982,46,4,3.18928988406729,609802.088365,191203.092391,48.83,40.1,"n","n",5.89602245,"1"
"542","02-Jun-2015 22:15:26",0.97239377,3,0,3.12878979586241,1457824.654782,350296.859235,39.49,32.46,"n","n",0.97241802,"0"
"543","02-Jun-2015 22:22:32",12.065358,40,3,2.02384244534465,843921.321922,370757.057326,67.08,54.93,"n","n",12.06538225,"1"
"545","02-Jun-2015 22:51:39",7.82e-05,2,0,0.795743224944461,46361.121575,58261.40911,18.31,9.66,"n","n",0.00010245,"0"
"548","02-Jun-2015 23:07:06",14.870754,91,7,4.21385070843137,957854.384111,227310.944404,36.84,26.36,"n","n",14.87077825,"1"
"549","02-Jun-2015 23:13:42",0,1,0,12.6453208524191,1108853.289955,87688.822047,43.05,33.2,"n","n",2.425e-05,"0"
"550","02-Jun-2015 23:22:31",1.3858245,5,1,1.73543897318224,177388.151881,102215.148226,21.73,13.69,"n","n",1.38584875,"1"
"551","02-Jun-2015 23:25:19",0.001049462,5,1,17.5005467218685,603947.478697,47802.442315,14.61,7.47,"n","n",0.001073712,"1"
"555","03-Jun-2015 00:32:14",8.8414397,41,2,1.98331552855403,980462.346735,386867.20256,60.99,51.81,"n","n",8.84146395,"1"
"557","03-Jun-2015 00:43:32",11.999464,17,1,8.47935701225782,659420.159343,97437.085069,23.12,13.18,"n","n",11.99948825,"1"
"559","03-Jun-2015 01:02:52",0,1,0,4.9369716775375,1007892.910084,204152.054319,27.49,17.62,"n","n",2.425e-05,"0"
"560","03-Jun-2015 01:10:52",6.8482565,11,1,2.24091425677872,496572.599029,166791.692539,31.11,6.97,"n","n",6.84828075,"1"
"562","03-Jun-2015 01:39:47",0,1,0,3.15928027997808,740206.411438,234295.898382,47.67,38.54,"n","n",2.425e-05,"0"
"563","03-Jun-2015 01:46:31",0.000861809,6,1,3.63381303798184,968568.418706,224981.677833,48.97,40.57,"n","n",0.000886059,"1"
"566","03-Jun-2015 02:10:42",8.9093115,32,2,4.72142474499546,871399.861883,217860.552522,35.09,25.74,"n","n",8.90933575,"1"
"567","03-Jun-2015 02:11:30",3.0263218,23,1,4.30321934276976,777245.452127,137079.084705,20.37,9.15,"n","n",3.02634605,"1"
"568","03-Jun-2015 02:23:10",0,1,0,2.58334363353184,543698.457362,210463.079826,58.94,48.26,"n","n",2.425e-05,"0"
"571","03-Jun-2015 02:34:07",5.6113806,9,1,7.24870339990829,973020.840927,134233.777718,29.35,17.18,"n","n",5.61140485,"1"
"581","03-Jun-2015 03:45:39",9.3057645,16,1,1.88594999527376,1040994.731427,551973.6652805,54.83,45.84,"n","n",9.30578875,"1"
"582","03-Jun-2015 03:50:14",18.26434,30,3,3.20164685202667,1217815.281163,448109.4069135,29.96,20.26,"n","n",18.26436425,"1"
"583","03-Jun-2015 03:54:02",11.254668,8,2,3.42728726580405,523809.5921065,195779.084386,65.71,55.23,"n","n",11.25469225,"1"
"584","03-Jun-2015 04:06:52",10.684037,2,0,1.06669956157859,695846.936005,652336.385116,25.04,16.99,"n","n",10.68406125,"0"
"586","03-Jun-2015 04:22:19",11.028785,6,1,1.75136314083782,238809.8547165,177566.312406,14.31,5.52,"n","n",11.02880925,"1"
"588","03-Jun-2015 04:35:06",21.104844,6,0,3.21689527342413,1958395.9401475,608784.48743,49.36,40.32,"n","n",21.10486825,"0"
"592","03-Jun-2015 04:50:13",0.001083305,4,1,4.86481367745064,1652152.001491,339612.595884,39.27,31.1,"n","n",0.001107555,"1"
"593","03-Jun-2015 04:54:38",0.27824299,3,0,3.16958529462981,522056.794749,137506.848105,10.5,11.47,"n","n",0.27826724,"0"
"595","03-Jun-2015 05:10:03",0.001081401,3,0,2.6943710484155,207415.371706,94263.6552915,27.36,17.92,"n","n",0.001105651,"0"
"600","03-Jun-2015 05:29:41",0,1,0,1.37689510698358,509212.716923,492626.714087,66.99,59.85,"n","n",2.425e-05,"0"
"602","03-Jun-2015 06:01:18",8.7209107,18,2,5.22699323422439,2378973.164294,488129.8247815,22.11,12.58,"n","n",8.72093495,"1"
"603","03-Jun-2015 06:14:41",0.001044733,7,1,5.50767942846908,726564.2223755,165951.508106,20.55,12.12,"n","n",0.001068983,"1"
"604","03-Jun-2015 06:20:44",41.958961,75,3,3.75059876641003,808475.828713,236340.3970675,66.68,55.66,"n","n",41.95898525,"1"
"607","03-Jun-2015 06:44:30",0,1,0,1.38445293191343,10574.559275,10736.7380965,19.95,7.44,"n","n",2.425e-05,"0"
"608","03-Jun-2015 06:47:25",61.58953,6,0,5.00557112112266,823925.645214,175847.3055705,71.8,63.62,"n","n",61.58955425,"0"
"610","03-Jun-2015 06:55:27",40.673968,9,1,3.08551230528724,248887.934564,104307.6534735,56.64,47.94,"n","n",40.67399225,"1"
"612","03-Jun-2015 07:02:08",17.618375,14,1,5.11139836689271,954448.362652,203964.1033115,74.23,65.1,"n","n",17.61839925,"1"
"613","03-Jun-2015 07:05:00",0,1,0,1.39725627222085,113661.919577,91310.989966,42.47,30.16,"n","n",2.425e-05,"0"
"618","03-Jun-2015 07:40:21",13.022295,18,1,11.8285384312569,1859192.3619365,191663.294211,47.39,37.81,"n","n",13.02231925,"1"
"620","03-Jun-2015 07:45:48",5.0117769,18,2,11.3665158857079,2735806.8197865,259881.7652045,34.91,26.93,"n","n",5.01180115,"1"
"621","03-Jun-2015 07:58:08",90.918058,8,0,8.77898975513217,3801750.177603,439574.857136,60.16,50.91,"n","n",90.91808225,"0"
"626","03-Jun-2015 08:41:33",34.486097,45,4,12.9757754261329,16264751.3794725,1301509.7959305,99.14,90.24,"n","n",34.48612125,"1"
"627","03-Jun-2015 08:48:52",0.00216468,9,1,8.3828181799751,4991219.3755895,595410.668397,83.34,74.21,"n","n",0.00218893,"1"
"628","03-Jun-2015 09:00:11",0,1,0,6.53174107383474,3301233.0320035,538964.6695005,55.48,46.37,"n","n",2.425e-05,"0"
"631","03-Jun-2015 09:19:35",0.000434081,2,0,3.35168385112957,412751.5010335,185107.361736,45.88,37.52,"n","n",0.000458331,"0"
"632","03-Jun-2015 09:21:05",0,1,0,2.63987158103906,147013.127487,60707.7976345,43.08,34.38,"n","n",2.425e-05,"0"
"635","03-Jun-2015 09:37:44",0,1,0,2.24079257269177,835151.382457,456616.062017,64.31,54.93,"n","n",2.425e-05,"0"
"636","03-Jun-2015 09:40:48",12.283786,31,1,3.55736880148563,1801954.5343985,528634.0047175,86.14,77.1,"n","n",12.28381025,"1"
"637","03-Jun-2015 09:44:27",10.634807,14,2,5.30692907658457,353716.4781715,85499.1733565,61.13,53.09,"n","n",10.63483125,"1"
"638","03-Jun-2015 09:55:26",0.000625387,4,1,1.84244688708589,404535.2117195,276745.450528,66.16,56.9,"n","n",0.000649637,"1"
"646","03-Jun-2015 11:33:25",13.62911,9,1,3.76680112144048,164947.5311335,49641.5149555,14.05,5.19,"n","n",13.62913425,"1"
"649","03-Jun-2015 12:18:27",14.86381,9,0,0.452255577529398,112716.1567055,369185.2323855,46.71,40.02,"n","n",14.86383425,"0"
"655","03-Jun-2015 16:01:30",0,1,0,1.23784153994583,415454.2801845,424800.953162,101.58,90.21,"n","n",2.425e-05,"0"
"656","03-Jun-2015 17:04:50",41.190219,15,1,85.2076794957862,618401020.466423,7257573.7788635,89.27,80.25,"n","n",41.19024325,"1"
"657","03-Jun-2015 17:35:48",101.42753,5,0,1.17821969228728,347188.518497,425884.4698915,101.42,90.47,"n","n",101.42755425,"0"
"663","03-Jun-2015 23:27:10",90.482631,91,9,1.16662529215754,162603.424952,211168.740649,97.8,90.43,"n","n",90.48265525,"1"
"665","04-Jun-2015 01:35:43",4.2963878,6,1,4.92493603425386,1096084.991453,222558.218793,33.92,23.24,"n","n",4.29641205,"1"
"669","04-Jun-2015 02:37:25",0.003087433,8,1,4.29416624934577,778046.6813565,232380.9568505,96.78,90.29,"n","n",0.003111683,"1"
"670","04-Jun-2015 02:41:54",13.073694,22,1,3.95385634230044,314293.2614975,121898.483332,57.81,43.08,"n","n",13.07371825,"1"
"671","04-Jun-2015 02:46:52",2.5403262,25,3,2.1167090891735,207149.932232,109134.6949565,89.29,66.79,"n","n",2.54035045,"1"
"673","04-Jun-2015 03:08:16",7.2380008,9,1,0.643819842249312,170281.886666,264486.857179,81.05,56.58,"n","n",7.23802505,"1"
"677","04-Jun-2015 03:50:48",17.408468,14,1,1.42268071611254,562736.155673,471557.422119,81.82,76.01,"n","n",17.40849225,"1"
"678","04-Jun-2015 04:02:19",17.95357,13,1,1.9826786054139,390549.9278995,260781.2609555,78.55,74.9,"n","n",17.95359425,"1"
"681","04-Jun-2015 05:28:00",99.958012,124,10,1.39780862936196,860302.6544995,799307.0628325,101.26,90.92,"n","n",99.95803625,"1"
"682","04-Jun-2015 05:54:06",195.16981,774,46,1.76227389501093,1961238.5042395,1276461.153667,100.03,90.16,"n","n",195.16983425,"1"
"683","04-Jun-2015 06:01:02",70.380645,219,13,2.33934097310986,1753717.543728,834258.3902755,88.71,72.03,"n","n",70.38066925,"1"
"684","04-Jun-2015 06:04:45",29.965319,33,3,1.07951977523507,584827.517007,654410.337102,93.72,79.32,"n","n",29.96534325,"1"
"686","04-Jun-2015 06:26:23",19.766786,41,4,1.51088143842534,1320922.031772,1006128.424968,64.86,58.79,"n","n",19.76681025,"1"
"687","04-Jun-2015 06:44:18",0.003749171,7,1,2.30593068410384,400171.0168315,265988.6915925,36.54,30.03,"n","n",0.003773421,"1"
"688","04-Jun-2015 06:46:50",0,1,0,0.747112139922656,96822.7888765,213004.133273,41.73,28.55,"n","n",2.425e-05,"0"
"691","04-Jun-2015 07:07:15",133.08311,117,8,4.6007889801375,263567.801755,92218.810555,31.04,25.83,"n","n",133.08313425,"1"
"694","04-Jun-2015 07:52:46",6.9364704,13,1,1.26214569101124,244063.83832,302568.5735865,35.11,26.86,"n","n",6.93649465,"1"
"695","04-Jun-2015 08:06:07",19.650963,50,3,1.4234748969172,389519.3505305,406509.948943,69.92,51.26,"n","n",19.65098725,"1"
"702","04-Jun-2015 10:46:06",15.355137,7,1,1.51770052480309,502563.870488,373193.1238445,60.97,54.34,"n","n",15.35516125,"1"
"703","04-Jun-2015 10:50:10",14.873031,12,1,0.347393747275463,84606.0244395,350560.5513155,110.71,90.56,"n","n",14.87305525,"1"
"704","04-Jun-2015 11:05:06",1.2397841,14,2,7.07619107260107,1963326.8891085,283261.828184,35.27,27.97,"n","n",1.23980835,"1"
"707","04-Jun-2015 12:10:24",0,1,0,0.909454539870993,478445.692079,660419.731089,97.95,90.51,"n","n",2.425e-05,"0"
"708","04-Jun-2015 12:21:05",22.56614,147,6,1.64588192812899,677615.0182305,482943.257558,109.69,90.12,"n","n",22.56616425,"1"
"709","04-Jun-2015 12:40:31",17.728769,52,2,1.88844731679559,53848.4980515,32160.1467045,58.51,50.8,"n","n",17.72879325,"1"
"710","04-Jun-2015 12:45:50",24.01739,21,1,2.84234391549798,1089794.39479,468802.289538,108.26,90.17,"n","n",24.01741425,"1"
"713","04-Jun-2015 13:06:22",6.9844009,5,1,1.22793923516328,707018.7991665,582795.307889,110.43,90.11,"n","n",6.98442515,"1"
"716","04-Jun-2015 13:28:15",14.91334,21,1,1.36882552209375,758194.613555,581483.3871775,111.36,90.54,"n","n",14.91336425,"1"
"718","04-Jun-2015 13:45:11",19.057984,25,3,2.04700237639816,137856.071048,80567.562183,51.05,44.16,"n","n",19.05800825,"1"
"719","04-Jun-2015 13:46:32",10.248055,14,1,1.16157992852453,406004.0700335,388241.6616185,98.3,90.17,"n","n",10.24807925,"1"
"721","04-Jun-2015 14:12:50",31.633563,128,5,1.00742151648923,387756.8607335,452054.140353,105.71,90.3,"n","n",31.63358725,"1"
"725","04-Jun-2015 14:41:56",0,1,0,1.55475207348077,593617.8431585,430450.9706995,98.98,90.26,"n","n",2.425e-05,"0"
"728","04-Jun-2015 14:57:34",0.001371459,4,1,1.67844132873934,430876.992361,339437.278263,94.33,88.11,"n","n",0.001395709,"1"
"730","04-Jun-2015 15:10:34",30.933213,20,2,4.60751520513544,816417.9063375,177192.6667605,61.73,36.93,"n","n",30.93323725,"1"
"731","04-Jun-2015 15:19:08",1.3731721,2,0,1.9602056528017,1146484.492226,715277.5309085,108.13,90.22,"n","n",1.37319635,"0"
"732","04-Jun-2015 15:22:00",4.833417,7,1,0.987578291175791,653418.9690765,774941.8561075,90.12,77.68,"n","n",4.83344125,"1"
"733","04-Jun-2015 15:32:32",10.692566,7,0,1.67967772675247,168735.7341445,116635.9274435,104.77,90.15,"n","n",10.69259025,"0"
"736","04-Jun-2015 15:44:09",7.5732546,9,1,0.955500440870684,60845.42418,70110.889485,34.67,18.65,"n","n",7.57327885,"1"
"737","04-Jun-2015 15:56:02",24.735578,72,5,1.79677335974258,1584858.29895,938763.893157,83.9,66.86,"n","n",24.73560225,"1"
"738","04-Jun-2015 16:12:59",46.211094,31,3,1.94282448674454,1186855.083266,746836.2053935,96.76,90.47,"n","n",46.21111825,"1"
"740","04-Jun-2015 16:26:18",26.809595,31,3,3.91502780546933,2422811.878629,710993.0424,101.77,82.64,"n","n",26.80961925,"1"
"741","04-Jun-2015 16:34:15",27.385534,37,3,1.46194868222713,667068.781794,514147.7905995,95.85,90.78,"n","n",27.38555825,"1"
"742","04-Jun-2015 16:44:50",12.251975,21,1,1.97999476405831,388620.966649,258008.03414,96.63,90.21,"n","n",12.25199925,"1"
"744","04-Jun-2015 17:04:45",36.736418,30,4,2.07430252589911,1747296.0121115,912848.1653295,99.29,90.16,"n","n",36.73644225,"1"
"745","04-Jun-2015 17:12:43",79.012551,13,1,2.00891495789317,1517209.712833,787405.922478,97.81,90.37,"n","n",79.01257525,"1"
"746","04-Jun-2015 17:15:55",7.4894824,10,1,2.14225271098293,916486.7056595,500706.4890015,68.09,56.39,"n","n",7.48950665,"1"
"747","04-Jun-2015 17:29:39",0,1,0,1.6383827938142,155151.394427,114784.661351,46.47,31.11,"n","n",2.425e-05,"0"
"751","04-Jun-2015 17:37:48",11.67208,54,3,2.48901338596215,2828097.246881,1293809.4890455,102.92,90.16,"n","n",11.67210425,"1"
"752","04-Jun-2015 18:05:31",7.4626467,15,1,6.86892949445828,1547275.7016115,236142.4408495,74.24,57.13,"n","n",7.46267095,"1"
"753","04-Jun-2015 18:19:02",19.705377,7,0,4.00898340852702,4819807.906542,1291946.177555,96.5,90.21,"n","n",19.70540125,"0"
"756","04-Jun-2015 18:27:27",74.68009,331,14,2.89608661680268,2643786.3339305,1055773.8084975,103.1,90.25,"n","n",74.68011425,"1"
"757","04-Jun-2015 18:32:39",16.257122,8,0,9.78042764726757,2552346.881932,281787.737308,106.89,90.1,"n","n",16.25714625,"0"
"760","04-Jun-2015 19:00:44",38.303969,28,2,3.80966498239181,3574818.588552,1025643.334059,114.01,90.28,"n","n",38.30399325,"1"
"761","04-Jun-2015 19:04:26",12.685336,43,6,4.18825236028536,2047199.569256,501628.917083,64.95,58.37,"n","n",12.68536025,"1"
"762","04-Jun-2015 19:24:09",19.852268,86,7,1.48452027925606,590983.02389,452341.5671805,70.7,52.67,"n","n",19.85229225,"1"
"764","04-Jun-2015 19:38:53",20.839647,40,2,14.6481761293678,10151804.8280905,741072.9981755,106.19,90.49,"n","n",20.83967125,"1"
"765","04-Jun-2015 19:42:29",5.354335,7,1,2.13673082182621,87828.880531,52651.904834,32.91,26.64,"n","n",5.35435925,"1"
"768","04-Jun-2015 20:30:20",0.000775053,4,1,3.45580056181878,1203411.220748,369587.246899,58.39,47.3,"n","n",0.000799303,"1"
"770","04-Jun-2015 20:40:42",0,1,0,1.38767049076731,27550.6671775,27297.833358,12.66,6.31,"n","n",2.425e-05,"0"
"771","04-Jun-2015 20:45:38",18.911882,23,2,1.16138997185174,463800.064241,498697.218531,61.88,49.73,"n","n",18.91190625,"1"
"780","04-Jun-2015 21:22:27",0,1,0,0.819361315606249,61060.7742015,98647.1698025,42.95,35.85,"n","n",2.425e-05,"0"
"787","04-Jun-2015 21:38:45",8.9944805,92,4,4.40818522362368,2999520.8765025,735236.873759,65.99,49.5,"n","n",8.99450475,"1"
"789","04-Jun-2015 21:43:52",21.04695,72,5,0.633660275406941,461192.626435,727823.163822,112.32,90.1,"n","n",21.04697425,"1"
"790","04-Jun-2015 21:53:00",4.3532918,18,1,0.892277763994125,101352.835899,132757.511991,52.67,33.65,"n","n",4.35331605,"1"
"792","04-Jun-2015 22:05:20",6.2721839,15,2,0.770101227645878,109967.679925,144407.5260325,44.51,30.42,"n","n",6.27220815,"1"
"793","04-Jun-2015 22:10:58",22.929733,49,4,0.799020279894105,427894.7277905,671298.466418,45.23,34.21,"n","n",22.92975725,"1"
"794","04-Jun-2015 22:17:52",13.631901,93,6,2.55700482672133,1004135.5782065,392699.9150385,44.2,28.2,"n","n",13.63192525,"1"
"795","04-Jun-2015 22:22:20",15.003558,43,4,0.615686382741675,80567.0074,149774.6454005,43.91,29.28,"n","n",15.00358225,"1"
"797","04-Jun-2015 22:43:02",6.5559291,48,1,1.57978931102801,896003.171622,638121.8851515,46.63,31.54,"n","n",6.55595335,"1"
"798","04-Jun-2015 22:58:48",3.6855836,2,0,3.10753172174007,1000153.497401,321848.2020325,25.81,14.68,"n","n",3.68560785,"0"
"799","04-Jun-2015 23:01:41",0.004220738,15,1,2.30232898393667,585287.471421,268022.3521015,46.93,32.24,"n","n",0.004244988,"1"
"800","04-Jun-2015 23:03:27",11.824004,82,5,0.817829884092803,128355.4713545,176983.7774035,48.08,34.56,"n","n",11.82402825,"1"
"801","04-Jun-2015 23:06:36",11.538784,24,2,1.11821268724459,297133.0382845,319822.792838,74.49,59.62,"n","n",11.53880825,"1"
"803","04-Jun-2015 23:16:56",13.673451,21,3,1.88509016249189,272487.517796,148039.2242645,40.01,22.44,"n","n",13.67347525,"1"
"805","04-Jun-2015 23:29:59",11.246447,87,6,1.04557087810015,943082.744188,1083901.3750135,61.66,40.77,"n","n",11.24647125,"1"
"806","04-Jun-2015 23:31:07",12.257256,12,0,3.06489945498234,389539.5361885,133770.5122855,32.46,14.14,"n","n",12.25728025,"0"
"807","04-Jun-2015 23:37:06",23.446122,127,7,1.06858976431037,200266.9810095,187412.4081085,50.41,31.55,"n","n",23.44614625,"1"
"808","04-Jun-2015 23:39:24",4.5174938,3,0,2.46123839502077,1182019.856694,480254.1107295,52.36,37.15,"n","n",4.51751805,"0"
"809","04-Jun-2015 23:49:25",11.005824,45,6,4.70295273128088,1480189.577317,365083.7487435,41.32,24.55,"n","n",11.00584825,"1"
"811","04-Jun-2015 23:59:43",9.1652099,26,1,3.77613752123014,645628.8187655,179906.262016,17.93,4.61,"n","n",9.16523415,"1"
"812","05-Jun-2015 00:12:58",48.757578,93,7,3.99319543037928,1822991.7055185,504062.3710645,55.52,33.37,"n","n",48.75760225,"1"
"814","05-Jun-2015 00:38:33",19.057294,171,8,3.04379513852152,561021.774424,241257.624603,54.78,48.09,"n","n",19.05731825,"1"
"817","05-Jun-2015 00:42:12",0,1,0,5.66543356752289,2083817.781083,397957.2963645,30.38,18,"n","n",2.425e-05,"0"
"818","05-Jun-2015 00:47:10",18.217247,11,0,1.99955829097015,387199.584905,214049.7178135,34.26,19.73,"n","n",18.21727125,"0"
"819","05-Jun-2015 00:50:49",0.20435801,2,0,0.862235378976928,21059.2941865,43740.0677015,13.62,1.72,"n","n",0.20438226,"0"
"820","05-Jun-2015 00:55:30",6.1998251,11,1,2.72417047073262,541962.17537,239298.7578145,44.25,31.76,"n","n",6.19984935,"1"
"822","05-Jun-2015 01:00:35",0,1,0,0.206803842368423,258251.2293955,1290595.5287505,86.9,79.12,"n","n",2.425e-05,"0"
"823","05-Jun-2015 01:07:23",4.6705284,9,1,1.18222340920013,156496.8205985,183636.5225565,51.65,38.4,"n","n",4.67055265,"1"
"824","05-Jun-2015 01:11:10",0.00043569,3,1,3.50885594494656,761601.022211,288140.295021,36.02,19.42,"n","n",0.00045994,"1"
"826","05-Jun-2015 01:16:17",17.806028,20,2,3.11024320586168,1001835.257504,335282.057342,38.37,27.4,"n","n",17.80605225,"1"
"828","05-Jun-2015 01:20:09",6.0245785,23,1,3.12538017930523,476953.183234,188124.243349,39.1,31.41,"n","n",6.02460275,"1"
"830","05-Jun-2015 01:28:23",5.8408241,9,2,2.38338470918705,652486.908988,303819.5433955,60.44,46.99,"n","n",5.84084835,"1"
"834","05-Jun-2015 01:44:41",10.527774,96,2,1.93439296154174,825838.1396825,428161.0303765,49.96,34.12,"n","n",10.52779825,"1"
"836","05-Jun-2015 01:54:50",10.594393,71,4,4.05845124175099,348559.070634,156214.1455875,22.69,10.45,"n","n",10.59441725,"1"
"838","05-Jun-2015 02:00:59",10.963162,56,4,4.67455446587819,1296694.7378065,326610.793006,45.44,33.99,"n","n",10.96318625,"1"
"839","05-Jun-2015 02:08:04",25.996672,294,12,2.97926010160424,2131026.306688,769507.99895,49.86,39.41,"n","n",25.99669625,"1"
"840","05-Jun-2015 02:11:34",6.2638655,3,0,0.875675692650397,66738.9954565,76214.2834575,26.26,3.41,"n","n",6.26388975,"0"
"841","05-Jun-2015 02:17:12",9.8410837,6,0,2.91329298577986,1112398.5002935,381835.436986,41.67,31.91,"n","n",9.84110795,"0"
"842","05-Jun-2015 02:20:49",8.2197149,6,1,1.7728179795506,307869.4024865,173901.958501,37.16,24.6,"n","n",8.21973915,"1"
"843","05-Jun-2015 02:25:42",1.1420458,4,0,1.32070926528232,180904.0512355,159563.849268,72.97,62.76,"n","n",1.14207005,"0"
"844","05-Jun-2015 02:32:18",17.456804,49,5,2.55396628120076,1076688.992867,471408.4135495,52.59,42.62,"n","n",17.45682825,"1"
"845","05-Jun-2015 02:42:31",25.754221,65,6,1.01025283676047,190678.092868,255558.777618,63.87,56.84,"n","n",25.75424525,"1"
"846","05-Jun-2015 02:52:24",1.8226617,12,1,0.816000182333067,112292.3925105,154116.81975,29.53,13.58,"n","n",1.82268595,"1"
"847","05-Jun-2015 02:54:36",1.7946285,9,1,7.60999478020711,197254.852829,43245.6576685,20.77,12.99,"n","n",1.79465275,"1"
"848","05-Jun-2015 02:56:17",3.2274231,27,1,6.74487236278819,655807.250713,135396.9162535,33.57,24.65,"n","n",3.22744735,"1"
"849","05-Jun-2015 02:58:55",8.2086185,25,3,6.7026753214131,2366700.198203,386545.283489,72.42,61,"n","n",8.20864275,"1"
"852","05-Jun-2015 03:12:02",8.8205096,38,4,3.80797542967343,1130045.2097895,433446.4541725,103.12,90.09,"n","n",8.82053385,"1"
"856","05-Jun-2015 03:29:24",21.449205,42,3,1.47093817615512,412395.1217305,315373.1558135,92.25,75.51,"n","n",21.44922925,"1"
"857","05-Jun-2015 03:33:09",0,1,0,1.60068534188408,956061.153817,690049.220823,94.12,90.27,"n","n",2.425e-05,"0"
"858","05-Jun-2015 03:55:58",136.30712,524,33,2.63728075534075,2304506.1835675,873819.057338,105.46,90.47,"n","n",136.30714425,"1"
"859","05-Jun-2015 04:04:14",8.7443012,38,3,1.15421394978987,466732.1843295,443260.575645,82.47,59.35,"n","n",8.74432545,"1"
"861","05-Jun-2015 04:10:30",15.967591,116,10,0.434310210475994,309310.791233,872601.745639,59.47,51.76,"n","n",15.96761525,"1"
"862","05-Jun-2015 04:18:30",16.957129,14,3,1.20451487303377,421690.2834635,357514.292395,50.03,26.91,"n","n",16.95715325,"1"
"863","05-Jun-2015 04:29:56",6.2251146,12,1,3.02352314196448,488396.2311925,179065.1179545,36.58,23.53,"n","n",6.22513885,"1"
"865","05-Jun-2015 04:34:17",27.120185,7,0,1.36393607497802,332900.1867415,291342.0361795,71.56,59.93,"n","n",27.12020925,"0"
"866","05-Jun-2015 04:45:59",15.42576,134,5,0.776813276285274,489474.6078805,694226.906826,79.37,66.96,"n","n",15.42578425,"1"
"869","05-Jun-2015 04:55:30",26.931912,11,2,2.16566443181168,402439.811434,247582.417292,65.49,50.96,"n","n",26.93193625,"1"
"872","05-Jun-2015 05:11:00",4.0937805,7,1,6.96621732667732,804589.150666,122467.5593155,44.56,28.34,"n","n",4.09380475,"1"
"873","05-Jun-2015 05:14:47",11.411919,11,1,7.04328555750938,294901.363727,55228.609743,20.62,8.18,"n","n",11.41194325,"1"
"874","05-Jun-2015 05:16:06",0.000843326,2,0,10.2675799607183,1420238.216605,211793.513609,20.32,9.77,"n","n",0.000867576,"0"
"875","05-Jun-2015 05:18:21",14.832632,9,0,0.900506035175062,1914456.072044,1481578.287239,85.63,69.47,"n","n",14.83265625,"0"
"876","05-Jun-2015 05:25:39",23.663659,145,7,11.6825482541241,3817480.2472845,353873.502276,72.36,63.99,"n","n",23.66368325,"1"
"877","05-Jun-2015 05:31:48",17.264005,42,7,5.97865505172611,1257327.429331,233815.9959575,43.12,32.24,"n","n",17.26402925,"1"
"878","05-Jun-2015 05:36:22",15.990556,39,5,3.54058904578055,583995.7001875,196888.6867685,47.72,39.74,"n","n",15.99058025,"1"
"879","05-Jun-2015 05:38:07",44.463939,20,2,0.149298446739345,343810.111639,2322669.6197585,82.55,73.77,"n","n",44.46396325,"1"
"883","05-Jun-2015 06:04:26",23.332278,50,3,4.31570215227398,927249.321496,252050.8583725,75.06,67.62,"n","n",23.33230225,"1"
"884","05-Jun-2015 06:10:12",21.701015,72,4,0.647647722608707,1854087.2274355,2904585.952681,97.97,89.48,"n","n",21.70103925,"1"
"886","05-Jun-2015 06:22:50",5.623147,19,2,3.89686843235,864834.7713375,266532.2714415,35.57,28.26,"n","n",5.62317125,"1"
"887","05-Jun-2015 06:26:07",1.5800047,7,1,0.845142937319953,1749425.2782325,2087857.920301,35.04,26.39,"n","n",1.58002895,"1"
"888","05-Jun-2015 06:37:04",6.8466841,14,2,5.17899035628955,978858.9686055,193648.5446385,29.71,20.15,"n","n",6.84670835,"1"
"889","05-Jun-2015 06:44:10",4.4619311,6,2,2.56513999736121,658245.759952,297105.7495255,53.56,44.67,"n","n",4.46195535,"1"
"890","05-Jun-2015 06:55:33",0,1,0,10.1351375438945,2118565.923161,221168.877752,28.44,19.4,"n","n",2.425e-05,"0"
"895","05-Jun-2015 07:24:17",0.007103026,38,1,3.70498801016948,762207.1554415,214764.8762295,63.51,61.48,"n","n",0.007127276,"1"
"899","05-Jun-2015 07:57:51",11.342724,6,0,2.91473837452922,5665860.2678155,1943865.80879,36.78,25.96,"n","n",11.34274825,"0"
"901","05-Jun-2015 08:13:17",4.4982404,18,2,1.38116188330489,742494.8605415,537587.1355245,27.23,16.49,"n","n",4.49826465,"1"
"902","05-Jun-2015 08:14:48",0.001083891,8,1,7.98484303886354,566200.659191,105438.822897,34.16,25.55,"n","n",0.001108141,"1"
"904","05-Jun-2015 08:21:15",2.8886776,20,3,2.18559980215909,2534723.7050905,1225297.4536495,60.55,51.68,"n","n",2.88870185,"1"
"913","05-Jun-2015 08:46:49",2.782459,11,1,6.95316446437559,7176974.230883,1335894.5182765,40.7,32.94,"n","n",2.78248325,"1"
"916","05-Jun-2015 09:11:54",0,1,0,2.51614943954977,162647.7779715,85306.573541,21.28,8.5,"n","n",2.425e-05,"0"
"917","05-Jun-2015 09:17:00",0,1,0,9.87914940455349,596361.4557895,86976.283201,30.63,19,"n","n",2.425e-05,"0"
"918","05-Jun-2015 09:39:25",1.31901,9,1,11.3212197182542,934391.151749,98724.336104,45.43,35.65,"n","n",1.31903425,"1"
"920","05-Jun-2015 09:48:59",73.677258,3,0,0.953029487622286,67823.1135845,76166.525787,20.09,13.48,"n","n",73.67728225,"0"
"923","05-Jun-2015 10:21:17",5.3060366,9,1,2.58775362997528,294954.424341,159993.192334,28.94,20.6,"n","n",5.30606085,"1"
"925","05-Jun-2015 10:28:18",0,1,0,3.49892231398453,257016.8051835,76173.3815375,17.87,10.97,"n","n",2.425e-05,"0"
"927","05-Jun-2015 10:38:25",18.934639,11,1,5.92794476685262,1428067.829517,247011.7907545,53.54,44.35,"n","n",18.93466325,"1"
"931","05-Jun-2015 10:52:28",0,1,0,3.64742359508193,94334.5056,26601.070843,22.92,12.54,"n","n",2.425e-05,"0"
"932","05-Jun-2015 10:56:01",11.483266,9,1,5.84519745826339,1887522.403402,322918.5013645,42.15,34.11,"n","n",11.48329025,"1"
"937","05-Jun-2015 11:30:59",0,1,0,5.7327805039976,463108.143203,87878.492425,72.23,62.9,"n","n",2.425e-05,"0"
"940","05-Jun-2015 11:41:59",0,1,0,6.16570879070005,1051510.7298415,181997.598907,69.07,58.59,"n","n",2.425e-05,"0"
"946","05-Jun-2015 12:23:25",0.000373184,3,1,11.0532548536324,873613.6977885,92252.6990865,25.8,16.2,"n","n",0.000397434,"1"
"949","05-Jun-2015 12:33:39",0.000271107,2,0,14.1883480909302,9100053.696403,641375.1367025,42.66,33.78,"n","n",0.000295357,"0"
"957","05-Jun-2015 13:18:02",0.001331744,2,0,2.88447275418844,242689.632969,86490.724873,18.13,10.49,"n","n",0.001355994,"0"
"960","05-Jun-2015 13:29:50",0,1,0,6.33611530003851,178175.4050625,32816.673579,27.5,10.92,"n","n",2.425e-05,"0"
"1113","05-Jun-2015 22:56:57",0,1,0,3.89654127237858,2173865.89129,524581.062616,30.67,22.4,"n","n",2.425e-05,"0"
"1128","06-Jun-2015 00:03:15",4.85e-05,2,0,8.57363655094997,13165101.111753,1964177.410277,31.16,23.39,"n","n",7.275e-05,"0"
"1138","06-Jun-2015 00:55:03",4.98005,16,2,13.7273200579177,31455611.589489,2792521.594283,91.28,84.23,"n","n",4.98007425,"1"
"1140","06-Jun-2015 01:09:54",5.226127,68,3,55.9362118397279,116277356.838679,2334895.4215965,42.14,32.61,"n","n",5.22615125,"1"
"1147","06-Jun-2015 02:04:55",131.5884,8,0,3.40684731773781,230394.911244,98962.3007815,30.94,18.84,"n","n",131.58842425,"0"
"1161","06-Jun-2015 03:11:17",6.6166895,2,0,2.11150580368266,310863.3315925,151052.5785205,109.77,90.77,"n","n",6.61671375,"0"
"1185","06-Jun-2015 05:08:17",18.173737,15,2,2.89890530243222,431844.3563355,152517.197147,51.66,43.26,"n","n",18.17376125,"1"
"1203","06-Jun-2015 06:22:18",23.764285,12,1,2.61519388608873,295108.289537,146581.952432,46.73,40.36,"n","n",23.76430925,"1"
"1204","06-Jun-2015 06:25:59",13.091844,36,3,4.30886704072271,694646.512984,194784.9957225,59.05,49.07,"n","n",13.09186825,"1"
"1207","06-Jun-2015 06:35:57",3.3437022,2,0,2.34914820418179,460898.918567,202595.1383675,40.28,28.37,"n","n",3.34372645,"0"
"1212","06-Jun-2015 07:21:55",4.9839985,6,1,1.79066319929141,91147.9899705,51986.00569,30.63,14.81,"n","n",4.98402275,"1"
"1213","06-Jun-2015 07:29:27",10.207769,10,0,4.243473281603,421876.9251985,135252.578625,63.74,47.97,"n","n",10.20779325,"0"
"1216","06-Jun-2015 07:51:08",4.578463,5,0,1.70912502655173,977241.813321,581967.167487,23.64,8.73,"n","n",4.57848725,"0"
"1217","06-Jun-2015 07:52:26",14.904327,8,0,1.64877318745226,348318.4325475,211259.156322,25.72,14.74,"n","n",14.90435125,"0"
"1218","06-Jun-2015 08:03:59",7.0110327,7,0,3.69081803015218,3292949.65766,892200.49072,51.79,38.39,"n","n",7.01105695,"0"
"1220","06-Jun-2015 08:19:21",13.785809,12,0,2.53814729973301,433741.6455545,175843.9349465,22.72,8.01,"n","n",13.78583325,"0"
"1221","06-Jun-2015 08:21:03",54.774855,16,1,3.18682151491933,1309386.7357795,410875.4536925,32.01,22.22,"n","n",54.77487925,"1"
"1222","06-Jun-2015 08:27:18",28.917622,16,1,0.69507910838885,202387.9575795,315428.791833,37.83,22.2,"n","n",28.91764625,"1"
"1223","06-Jun-2015 08:34:42",0.00014374,2,0,0.0856473613167273,294687.090579,2812465.7624055,104.75,90.24,"n","n",0.00016799,"0"
"1224","06-Jun-2015 08:36:40",0.003327899,2,0,3.98364473180817,264443.7035015,66382.3511645,63.85,47.85,"n","n",0.003352149,"0"
"1226","06-Jun-2015 08:47:24",5.542846,5,0,1.90633022726341,401049.8870005,228713.646657,73.08,58.75,"n","n",5.54287025,"0"
"1227","06-Jun-2015 08:52:16",18.109887,42,6,11.3929091672348,3105773.294235,272605.815481,77.14,60.13,"n","n",18.10991125,"1"
"1230","06-Jun-2015 08:59:45",4.4250729,8,1,2.9479793705785,506084.955261,181324.5051145,53.17,42.96,"n","n",4.42509715,"1"
"1231","06-Jun-2015 09:02:24",0.001080992,6,1,1.04418791818976,121260.6798575,117945.8425115,38.38,26.01,"n","n",0.001105242,"1"
"1232","06-Jun-2015 09:06:43",44.94713,40,3,4.69885719323037,1944249.08225,413770.6259835,96.67,84.03,"n","n",44.94715425,"1"
"1234","06-Jun-2015 09:26:35",59.779351,23,2,2.9343869921763,424940.159277,177451.9189585,96,90.39,"n","n",59.77937525,"1"
"1235","06-Jun-2015 09:36:44",19.238139,73,6,0.332605843309334,558120.7740585,1873126.889084,58.31,45.27,"n","n",19.23816325,"1"
"1237","06-Jun-2015 09:43:42",0.00182071,4,0,2.14443188382978,457373.1097555,236109.3721595,77.46,65.82,"n","n",0.00184496,"0"
"1239","06-Jun-2015 09:52:47",36.441025,44,1,1.30119611290287,533779.9513665,414997.237778,102.78,90.11,"n","n",36.44104925,"1"
"1240","06-Jun-2015 09:54:48",0.000181261,4,1,3.22030628485776,417248.842688,136900.091765,62.26,52.37,"n","n",0.000205511,"1"
"1242","06-Jun-2015 10:02:16",10.389689,18,2,1.21249459723224,161571.9495675,155822.028905,47.67,36.23,"n","n",10.38971325,"1"
"1243","06-Jun-2015 10:05:25",0,1,0,1.57571274923525,130674.306322,85058.0832245,43.95,32.12,"n","n",2.425e-05,"0"
"1245","06-Jun-2015 10:11:10",4.9835829,8,1,2.49672586954965,149282.7826955,76820.189591,46.68,40.33,"n","n",4.98360715,"1"
"1246","06-Jun-2015 10:12:20",0,1,0,1.65428570836239,1051307.0791785,738070.6837805,53.97,45.08,"n","n",2.425e-05,"0"
"1247","06-Jun-2015 10:13:22",0.005491822,10,1,1.81805287902216,640146.6582275,460942.104491,34.44,27.74,"n","n",0.005516072,"1"
"1249","06-Jun-2015 10:21:16",3.4028071,3,0,11.2590186894744,371765.480577,35306.7058945,33.12,24.76,"n","n",3.40283135,"0"
"1251","06-Jun-2015 10:22:58",1.0902621,4,0,8.56156213757076,2076077.5100725,244807.265516,46.37,36.45,"n","n",1.09028635,"0"
"1252","06-Jun-2015 10:27:37",3.7979552,15,2,5.33915098748135,622808.4796465,145211.1681645,98.68,88.76,"n","n",3.79797945,"1"
"1254","06-Jun-2015 10:34:24",7.3436235,6,1,4.91921635038654,648386.9258875,140551.4995425,59.37,50.58,"n","n",7.34364775,"1"
"1255","06-Jun-2015 10:43:24",0.003410063,5,1,6.31349094310053,4515317.156308,822827.134412,98.45,90.4,"n","n",0.003434313,"1"
"1258","06-Jun-2015 10:54:07",0.002554896,6,1,5.12016552809828,382032.454772,77657.7212775,46.91,37.99,"n","n",0.002579146,"1"
"1260","06-Jun-2015 11:01:16",10.256142,25,2,8.13466348609704,3381129.6379525,415644.6844705,51.41,39.97,"n","n",10.25616625,"1"
"1262","06-Jun-2015 11:15:22",3.282511,4,0,3.87610196777853,2461041.9641345,658361.4947195,48.07,38.82,"n","n",3.28253525,"0"
"1266","06-Jun-2015 11:27:36",0.000415444,3,1,3.85762608965931,2016304.560618,610309.855898,55.78,47.07,"n","n",0.000439694,"1"
"1267","06-Jun-2015 11:35:11",0.002693966,6,1,3.88153074151038,1103474.414431,315587.849614,67.91,59.86,"n","n",0.002718216,"1"
"1270","06-Jun-2015 11:53:25",3.7615739,7,1,5.4391215088363,6782054.705912,1388616.1499335,65.01,56.17,"n","n",3.76159815,"1"
"1285","06-Jun-2015 13:49:04",13.514548,62,5,3.72085802795766,4905258.871675,1347055.0917385,85.18,75.24,"n","n",13.51457225,"1"
"1287","06-Jun-2015 13:56:05",0,1,0,3.18348728037254,211742.683197,84273.4268975,48.46,42.54,"n","n",2.425e-05,"0"
"1292","06-Jun-2015 14:31:37",0,1,0,1.84287343968133,251660.7279215,157255.3514225,102.98,90.41,"n","n",2.425e-05,"0"
"1294","06-Jun-2015 14:43:55",9.1249118,15,1,8.09445732492552,4745769.034934,590054.011731,84.12,71.19,"n","n",9.12493605,"1"
"1295","06-Jun-2015 14:51:41",12.754485,23,2,2.32447959853038,240972.0996765,117200.41274,52.23,45.8,"n","n",12.75450925,"1"
"1296","06-Jun-2015 14:56:43",4.4433729,6,1,3.82454571064765,992107.0069465,289305.897133,64.23,54.06,"n","n",4.44339715,"1"
"1299","06-Jun-2015 15:17:20",6.2820234,28,2,8.33778704355674,982433.567133,143298.819048,77.98,65.75,"n","n",6.28204765,"1"
"1302","06-Jun-2015 15:28:24",9.8045067,23,2,1.04887843344344,430602.905404,472324.3591315,51.8,41.19,"n","n",9.80453095,"1"
"1303","06-Jun-2015 15:32:33",0,1,0,1.13406899089141,244637.5437355,224895.8835635,56.45,45.84,"n","n",2.425e-05,"0"
"1304","06-Jun-2015 15:39:13",12.428061,15,2,0.712499471591759,1079151.451805,1680353.4319845,71.82,60.08,"n","n",12.42808525,"1"
"1309","06-Jun-2015 16:03:57",5.0311762,2,0,2.29537022611811,529761.0641845,302025.286488,57.68,47.52,"n","n",5.03120045,"0"
"1311","06-Jun-2015 16:12:05",13.979668,36,3,2.49940040966534,278733.033135,132129.21836,58.73,50.08,"n","n",13.97969225,"1"
"1318","06-Jun-2015 16:38:19",4.27755,12,1,8.55193438074057,587925.16795,80121.5637135,67.16,59.85,"n","n",4.27757425,"1"
"1319","06-Jun-2015 16:39:56",0,1,0,2.16279941027324,628425.9688285,453917.3188815,50.11,42.71,"n","n",2.425e-05,"0"
"1320","06-Jun-2015 16:45:36",9.9527998,38,1,17.1859793406242,5069484.5940005,326522.188153,49.5,41.37,"n","n",9.95282405,"1"
"1323","06-Jun-2015 16:51:18",0.000159412,2,0,2.28847396196256,438911.086243,237884.634506,38.88,31.73,"n","n",0.000183662,"0"
"1327","06-Jun-2015 17:02:13",0.000221602,2,0,11.3356715095116,4378889.5818685,491474.908111,41.28,33.21,"n","n",0.000245852,"0"
"1328","06-Jun-2015 17:03:06",0,1,0,12.5841159763425,3662290.655003,451440.944172,34.59,26.06,"n","n",2.425e-05,"0"
"1329","06-Jun-2015 17:13:48",27.932763,91,4,13.0292087236469,7820667.218797,745637.8608065,64.38,55.05,"n","n",27.93278725,"1"
"1330","06-Jun-2015 17:16:17",7.0020559,2,0,11.2792929546218,3196751.692359,309296.287751,33.28,24.02,"n","n",7.00208015,"0"
"1351","06-Jun-2015 18:21:33",0,1,0,29.4807660932835,559296.3139085,18971.566483,21.76,15.56,"n","n",2.425e-05,"0"
"1385","06-Jun-2015 20:39:07",0.000555187,4,1,4.61462805589276,390525.220213,91519.998314,104.31,90.52,"n","n",0.000579437,"1"
"1387","06-Jun-2015 20:48:21",15.113989,14,1,3.2978440481982,108058.0765015,43607.6995565,42.72,31.23,"n","n",15.11401325,"1"
"1389","06-Jun-2015 20:53:11",2.3736847,14,2,2.94331630539332,143986.0629865,50818.8657065,63.05,40.94,"n","n",2.37370895,"1"
"1394","06-Jun-2015 21:53:56",3.933858,3,0,1.31343005589827,66633.023068,66413.0511775,70.15,65.69,"n","n",3.93388225,"0"
"1395","06-Jun-2015 22:06:41",3.8578216,3,0,1.84432522473294,34465.289405,26879.54199,42.32,36.51,"n","n",3.85784585,"0"
"1397","06-Jun-2015 23:46:33",4.4450015,31,2,18.2575377958767,813859.831456,53792.6880355,28.8,22.42,"n","n",4.44502575,"1"
"1399","07-Jun-2015 00:01:20",15.352449,44,2,7.24174123323025,2202074.241597,304080.7687925,68.96,55.71,"n","n",15.35247325,"1"
"1401","07-Jun-2015 00:08:10",0.001539036,3,0,1.78890754572621,49561.939759,29980.76361,24.55,21.78,"n","n",0.001563286,"0"
"1403","07-Jun-2015 00:21:37",0.001065728,6,1,3.68582100865075,474837.2414,149497.8493465,33.88,27.17,"n","n",0.001089978,"1"
"1404","07-Jun-2015 00:27:28",63.407867,4,0,7.34921234648616,325733.7164595,47276.316827,32.91,24.52,"n","n",63.40789125,"0"
"1405","07-Jun-2015 00:42:38",6.5556931,7,0,4.66747872030151,611722.7458,151285.322959,51.74,44.88,"n","n",6.55571735,"0"
"1410","07-Jun-2015 01:13:52",0.007722856,22,1,6.63397623608009,341895.7847215,58780.240984,36.17,30.44,"n","n",0.007747106,"1"
"1412","07-Jun-2015 01:37:52",14.93781,34,5,3.39808347315355,314053.50818,121391.4033395,37.17,31.01,"n","n",14.93783425,"1"
"1413","07-Jun-2015 01:40:45",17.91462,15,1,9.21663688507849,947929.168814,130218.8552725,43.78,34.07,"n","n",17.91464425,"1"
"1414","07-Jun-2015 01:44:26",0.00025407,2,0,1.87053628605816,145087.3568135,96277.1131285,83.57,76.74,"n","n",0.00027832,"0"
"1415","07-Jun-2015 01:47:32",19.510803,19,2,6.57188992135985,891186.720818,179596.4748725,34.24,27.21,"n","n",19.51082725,"1"
"1418","07-Jun-2015 02:01:08",7.8353624,7,1,8.15198265594158,428593.159871,55672.2361105,31.85,24.82,"n","n",7.83538665,"1"
"1419","07-Jun-2015 02:02:57",36.031158,21,2,3.92828358011102,1387705.4319585,380575.810792,65.26,52.56,"n","n",36.03118225,"1"
"1420","07-Jun-2015 02:07:18",1.9006234,8,1,2.03693001414153,75901.035654,38993.8506235,24.42,19.62,"n","n",1.90064765,"1"
"1421","07-Jun-2015 02:13:38",0,1,0,5.38417419165285,138121.212901,31596.1355245,20.55,7.99,"n","n",2.425e-05,"0"
"1423","07-Jun-2015 02:19:10",0,1,0,2.27864528067765,91774.008953,48727.7631975,45.54,32.9,"n","n",2.425e-05,"0"
"1427","07-Jun-2015 03:15:48",15.220589,35,2,5.89096461819222,578236.8106015,117847.444521,51.23,41.91,"n","n",15.22061325,"1"
"1428","07-Jun-2015 03:23:33",13.840329,31,3,3.00456591828809,312708.828276,115774.254333,73.81,68.47,"n","n",13.84035325,"1"
"1431","07-Jun-2015 03:38:12",5.9212362,30,2,10.1933951421635,1334694.760377,130937.2139275,31.73,24.7,"n","n",5.92126045,"1"
"1433","07-Jun-2015 03:57:17",5.1661872,16,2,7.44171716376691,1508105.335282,231157.40856,58.73,48.38,"n","n",5.16621145,"1"
"1435","07-Jun-2015 04:02:14",27.809585,13,1,3.06591772247648,480083.353572,187837.559419,27.92,21.7,"n","n",27.80960925,"1"
"1436","07-Jun-2015 04:13:38",1.1111013,16,1,5.7277666641604,541357.8049745,123039.1035135,42.04,36.79,"n","n",1.11112555,"1"
"1439","07-Jun-2015 04:40:21",47.244681,7,0,2.20334479688491,151409.5633365,78837.044657,55.87,42.9,"n","n",47.24470525,"0"
"1440","07-Jun-2015 04:57:51",28.777748,41,2,95.660128064645,1160628980.06932,12132839.4969845,87.67,79.06,"n","n",28.77777225,"1"
"1441","07-Jun-2015 05:24:10",0.003187633,4,0,2.71450687938247,225979.810536,88802.9252865,23.34,10.12,"n","n",0.003211883,"0"
"1442","07-Jun-2015 05:26:20",13.118745,23,3,3.43626026389451,142223.0636805,51028.562175,31.24,24.21,"n","n",13.11876925,"1"
"1443","07-Jun-2015 05:36:15",2.8205864,11,1,1.96093873551712,246982.2209635,139135.9906495,50.35,41.74,"n","n",2.82061065,"1"
"1447","07-Jun-2015 05:53:27",40.46747,19,2,3.75784742046376,533378.0191635,195539.2089345,96.39,90.1,"n","n",40.46749425,"1"
"1448","07-Jun-2015 06:02:43",0.000419504,2,0,4.99496789453311,217180.4062855,53782.9342555,44.4,36.9,"n","n",0.000443754,"0"
"1450","07-Jun-2015 06:11:15",56.929671,45,5,3.10190281864655,55811.2052355,18645.7817615,21.88,8.36,"n","n",56.92969525,"1"
"1451","07-Jun-2015 06:21:56",0.0012458,3,0,4.10375333152369,158320.7391145,38579.4969445,38.28,30.98,"n","n",0.00127005,"0"
"1452","07-Jun-2015 06:28:11",0,1,0,7.15447423040235,300908.785297,45537.334385,26.78,18.73,"n","n",2.425e-05,"0"
"1453","07-Jun-2015 06:55:20",3.1874875,7,2,3.42331528037084,381196.480839,111353.015898,75.92,68.42,"n","n",3.18751175,"1"
"1454","07-Jun-2015 06:56:40",37.691496,11,4,6.43545914959488,386852.299728,70110.6593695,28.34,23.2,"n","n",37.69152025,"1"
"1456","07-Jun-2015 07:05:05",6.5715301,30,2,4.05710985851669,609314.3146685,160696.6049715,62.05,58.55,"n","n",6.57155435,"1"
"1460","07-Jun-2015 08:19:46",4.9597199,21,2,2.7137849386134,1243201.8935145,560417.314195,101.1,90.17,"n","n",4.95974415,"1"
"1461","07-Jun-2015 08:19:46",108.7715,128,6,2.7137849386134,1243201.8935145,560417.314195,101.1,90.17,"n","n",108.77152425,"1"
"1462","07-Jun-2015 08:25:00",14.788353,7,0,3.25535025679959,260471.9702465,133119.9671925,33.45,11.26,"n","n",14.78837725,"0"
"1467","07-Jun-2015 09:44:38",3.5878555,8,1,2.42907745776664,330206.488851,135939.0528265,46.06,29.3,"n","n",3.58787975,"1"
"1468","07-Jun-2015 09:51:00",8.5808123,33,3,2.28407366591407,194396.8335185,93238.535706,37.42,22.28,"n","n",8.58083655,"1"
"1471","07-Jun-2015 10:07:59",8.2509275,10,2,4.79189162126283,1025479.1989415,273650.808333,48.73,42.44,"n","n",8.25095175,"1"
"1475","07-Jun-2015 11:53:33",20.556199,108,10,5.027390069912,3212807.579505,450994.470525,36.79,28.2,"n","n",20.55622325,"1"
"1476","07-Jun-2015 12:00:00",48.096908,13,1,1.13225413969642,56911.193284,30896.029662,22.61,17.2,"n","n",48.09693225,"1"
"1478","07-Jun-2015 12:11:23",8.4944231,3,0,3.39633840961739,1061528.601107,342402.088842,84.73,70.82,"n","n",8.49444735,"0"
"1479","07-Jun-2015 12:12:17",0,1,0,5.24484120100466,506127.009111,107483.455402,21.94,6.31,"n","n",2.425e-05,"0"
"1481","07-Jun-2015 12:38:41",11.816002,72,3,1.90329635120177,430325.457005,360795.154873,34.66,27.76,"n","n",11.81602625,"1"
"1484","07-Jun-2015 13:00:14",0,1,0,0.516328693264367,26237.056847,50814.640343,21.98,14,"n","n",2.425e-05,"0"
"1487","07-Jun-2015 13:04:48",13.92644,18,2,1.29826298079724,45431.30056,47832.962932,19.6,12.37,"n","n",13.92646425,"1"
"1488","07-Jun-2015 13:20:54",22.298489,19,2,1.69909099284886,20105.60817,11833.155643,9.37,2.27,"n","n",22.29851325,"1"
"1489","07-Jun-2015 13:22:46",0.002456033,6,1,6.53890230386836,407006.192519,66105.221438,22.76,16.54,"n","n",0.002480283,"1"
"1490","07-Jun-2015 13:25:21",143.17196,681,31,0.797932588590953,30963.939009,58724.721944,18.23,12.41,"n","n",143.17198425,"1"
"1493","07-Jun-2015 13:48:37",40.009938,149,6,2.57885035313228,250965.847905,99219.579506,42.08,34.51,"n","n",40.00996225,"1"
"1495","07-Jun-2015 14:17:08",75.925549,47,3,0.490325166171603,226530.529576,462000.617559,25.11,20.11,"n","n",75.92557325,"1"
"1498","07-Jun-2015 14:23:17",86.054273,18,2,1.16998900622501,35614.530209,42132.553426,12.16,4.86,"n","n",86.05429725,"1"
"1499","07-Jun-2015 14:29:54",14.219757,26,1,0.808577061719403,139499.781769,184679.646235,47.53,40.36,"n","n",14.21978125,"1"
"1501","07-Jun-2015 14:37:33",32.479657,12,2,1.12316964660926,653272.599738,760928.529928,84.84,78.7,"n","n",32.47968125,"1"
"1502","07-Jun-2015 14:38:58",0.001042897,5,1,1.603833914834,23721.998746,17696.835221,8.81,3.74,"n","n",0.001067147,"1"
"1505","07-Jun-2015 15:20:03",0,1,0,0.449351131580621,29947.438564,114854.621407,32.9,25.12,"n","n",2.425e-05,"0"
"1506","07-Jun-2015 15:26:11",0.002362993,11,1,0.857078222439576,68728.640454,113510.159344,42.55,36.6,"n","n",0.002387243,"1"
"1508","07-Jun-2015 15:55:10",90.068968,411,23,1.04280200679171,36991.387607,38072.103888,15.75,7.84,"n","n",90.06899225,"1"
"1509","07-Jun-2015 15:58:24",56.81643,298,11,0.7601242425136,78146.425727,114809.031991,37.1,30.81,"n","n",56.81645425,"1"
"1511","07-Jun-2015 16:13:54",12.075605,24,2,1.27399160368183,70546.031027,73472.209628,17.7,13.04,"n","n",12.07562925,"1"
"1512","07-Jun-2015 16:24:32",2.0205972,2,0,0.852893676776437,157205.674996,204519.303681,43.76,37.6,"n","n",2.02062145,"0"
"1517","07-Jun-2015 16:36:35",33.174713,58,2,2.03466278432669,23247.553531,29226.167881,10.58,3.05,"n","n",33.17473725,"1"
"1518","07-Jun-2015 16:42:15",30.972705,68,2,0.995897177966913,230616.408976,321266.627083,56.36,51.43,"n","n",30.97272925,"1"
"1519","07-Jun-2015 16:46:34",0.00256987,7,1,0.651879607557852,7065.40241,15109.161115,12.17,5.95,"n","n",0.00259412,"1"
"1520","07-Jun-2015 17:12:06",45.526444,70,6,28.4005448133493,6315.974185,222.389191,1.26,8.86,"n","n",45.52646825,"1"
"1524","07-Jun-2015 18:44:02",9.4516501,82,4,8.07043298476562,4010701.272689,516450.261234,64.18,50,"n","n",9.45167435,"1"
"1526","07-Jun-2015 19:00:17",9.2114671,3,0,4.37383422586678,342397.205294,106674.249648,66.48,56.27,"n","n",9.21149135,"0"
"1528","07-Jun-2015 19:13:21",36.535354,259,14,4.47904966010759,324308.201935,112487.767307,43.08,35.94,"n","n",36.53537825,"1"
"1531","07-Jun-2015 20:23:06",4.0780581,10,1,0.238265940379509,3942.462113,26171.685247,5.81,6.27,"n","n",4.07808235,"1"
"1534","07-Jun-2015 20:45:34",29.498,73,4,0.974670044716568,172087.867773,176560.127918,49.13,32.09,"n","n",29.49802425,"1"
"1537","07-Jun-2015 21:12:45",32.965545,104,2,0.472925809578218,64126.088709,180476.323848,52.23,44.86,"n","n",32.96556925,"1"
"1538","07-Jun-2015 21:14:26",53.958877,240,9,0.584729969541624,33005.565288,95969.153443,20.43,3.39,"n","n",53.95890125,"1"
"1539","07-Jun-2015 21:37:58",19.752575,18,2,0.681131650105789,195260.391214,339623.232324,62.42,39.5,"n","n",19.75259925,"1"
"1540","07-Jun-2015 21:45:29",83.793571,105,7,1.36445056926372,814852.747686,690876.654121,71.59,60.3,"n","n",83.79359525,"1"
"1543","07-Jun-2015 22:14:30",24.002456,122,8,1.27192423222344,361175.286023,321933.054364,50.49,40.11,"n","n",24.00248025,"1"
"1544","07-Jun-2015 22:18:55",3.2044431,5,1,0.28242939642933,34064.179559,126462.013025,29.94,21.63,"n","n",3.20446735,"1"
"1545","07-Jun-2015 22:19:52",4.3834833,6,1,1.04849368886205,204179.327878,194735.867318,20.5,15.29,"n","n",4.38350755,"1"
"1546","07-Jun-2015 22:26:04",49.315911,7,1,3.21195837138612,285777.712723,123019.698865,29.14,23.12,"n","n",49.31593525,"1"
"1547","07-Jun-2015 22:32:32",22.102703,142,10,1.3154160825478,808311.250856,614490.929205,54.87,47.71,"n","n",22.10272725,"1"
"1548","07-Jun-2015 22:35:48",76.180775,36,3,1.45753821966831,139335.832465,151811.224926,41.58,34.96,"n","n",76.18079925,"1"
"1552","07-Jun-2015 22:58:01",25.510914,76,6,0.876261153636741,474741.046131,541780.317615,48.04,42.02,"n","n",25.51093825,"1"
"1556","07-Jun-2015 23:28:49",62.337797,5,0,4.15211096354622,212825.328777,72138.278458,13.8,4.77,"n","n",62.33782125,"0"
"1557","07-Jun-2015 23:32:18",9.7040476,14,1,1.2994302953158,124745.989461,106414.224816,24.84,18.48,"n","n",9.70407185,"1"
